symbol,signal_time,entry_time,exit_time,bias,score,entry_price,stop_price,target_1,target_2,risk_per_share,shares,atr_14,hit_t1,exit_reason,pnl_dollars,r_multiple,reasons
AMZN,2026-02-02 14:45:00-05:00,2026-02-02 15:00:00-05:00,2026-02-03 09:30:00-05:00,SHORT,65,242.96,243.86,241.16,240.25,0.9021,110,0.6014,False,stop,-99.23,-0.992,"below 20-bar average, negative short-term momentum, near recent intraday low"
AVGO,2026-02-02 14:45:00-05:00,2026-02-02 15:00:00-05:00,2026-02-03 09:30:00-05:00,SHORT,65,330.82,332.97,326.52,324.37,2.15,46,1.4333,False,stop,-98.9,-0.989,"below 20-bar average, negative short-term momentum, near recent intraday low"
NVDA,2026-02-02 15:00:00-05:00,2026-02-02 15:15:00-05:00,2026-02-03 09:30:00-05:00,SHORT,65,187.09,188.12,185.01,183.98,1.0366,96,0.6911,True,target_2,248.79,2.488,"below 20-bar average, strong relative volume, near recent intraday low"
META,2026-02-02 15:30:00-05:00,2026-02-02 15:45:00-05:00,2026-02-03 09:30:00-05:00,SHORT,65,707.18,710.52,700.5,697.16,3.3409,29,2.2272,False,stop,-96.89,-0.969,"below 20-bar average, negative short-term momentum, near recent intraday low"
NVDA,2026-02-02 15:30:00-05:00,2026-02-02 15:45:00-05:00,2026-02-03 09:45:00-05:00,SHORT,65,185.7,186.8,183.49,182.39,1.1004,90,0.7336,True,target_2,247.58,2.476,"below 20-bar average, strong relative volume, near recent intraday low"
AVGO,2026-02-02 15:30:00-05:00,2026-02-02 15:45:00-05:00,2026-02-03 09:30:00-05:00,SHORT,65,330.03,332.05,325.98,323.96,2.0245,49,1.3497,False,stop,-99.2,-0.992,"below 20-bar average, strong relative volume, near recent intraday low"
AMZN,2026-02-02 15:45:00-05:00,2026-02-03 09:30:00-05:00,2026-02-03 09:30:00-05:00,SHORT,65,245.07,246.01,243.2,242.26,0.9353,106,0.6235,False,stop,-99.14,-0.991,"below 20-bar average, strong relative volume, near recent intraday low"
META,2026-02-03 09:30:00-05:00,2026-02-03 09:45:00-05:00,2026-02-03 10:45:00-05:00,SHORT,65,707.7,712.21,698.67,694.16,4.5128,22,3.0085,True,target_2,248.2,2.482,"below 20-bar average, strong relative volume, near recent intraday low"
NVDA,2026-02-03 09:30:00-05:00,2026-02-03 09:45:00-05:00,2026-02-03 11:15:00-05:00,SHORT,85,183.46,184.89,180.59,179.16,1.4346,69,0.9564,True,target_2,248.19,2.482,"below 20-bar average, negative short-term momentum, strong relative volume, near recent intraday low"
AVGO,2026-02-03 09:30:00-05:00,2026-02-03 09:45:00-05:00,2026-02-03 10:15:00-05:00,SHORT,85,327.99,330.97,322.03,319.05,2.9791,33,1.9861,True,target_2,247.27,2.473,"below 20-bar average, negative short-term momentum, strong relative volume, near recent intraday low"
AMZN,2026-02-03 09:45:00-05:00,2026-02-03 10:00:00-05:00,2026-02-03 13:30:00-05:00,SHORT,85,241.11,242.76,237.8,236.15,1.6537,60,1.1024,True,target_2,248.05,2.481,"below 20-bar average, negative short-term momentum, strong relative volume, near recent intraday low"
META,2026-02-03 10:00:00-05:00,2026-02-03 10:15:00-05:00,2026-02-04 09:30:00-05:00,SHORT,85,700.45,705.77,689.82,684.5,5.3153,18,3.5436,True,target_2,239.19,2.392,"below 20-bar average, negative short-term momentum, strong relative volume, near recent intraday low"
NVDA,2026-02-03 10:00:00-05:00,2026-02-03 10:15:00-05:00,2026-02-04 11:00:00-05:00,SHORT,85,180.7,182.46,177.18,175.42,1.7598,56,1.1732,True,target_2,246.37,2.464,"below 20-bar average, negative short-term momentum, strong relative volume, near recent intraday low"
AVGO,2026-02-03 10:00:00-05:00,2026-02-03 10:15:00-05:00,2026-02-03 12:30:00-05:00,SHORT,85,320.89,324.75,313.19,309.33,3.8535,25,2.569,True,target_2,242.77,2.428,"below 20-bar average, negative short-term momentum, strong relative volume, near recent intraday low"
GOOGL,2026-02-03 10:00:00-05:00,2026-02-03 10:15:00-05:00,2026-02-03 10:45:00-05:00,SHORT,85,342.41,344.78,337.66,335.29,2.374,42,1.5827,False,stop,-99.71,-0.997,"below 20-bar average, negative short-term momentum, strong relative volume, near recent intraday low"
AVGO,2026-02-03 10:30:00-05:00,2026-02-03 10:45:00-05:00,2026-02-03 15:45:00-05:00,SHORT,85,315.96,320.43,307.02,302.55,4.4706,22,2.9804,False,stop,-98.35,-0.984,"below 20-bar average, negative short-term momentum, strong relative volume, near recent intraday low"
AMZN,2026-02-03 10:45:00-05:00,2026-02-03 11:00:00-05:00,2026-02-05 09:30:00-05:00,SHORT,65,237.89,240.19,233.3,231.0,2.2967,43,1.5311,True,target_2,248.04,2.48,"below 20-bar average, negative short-term momentum, near recent intraday low"
NVDA,2026-02-03 11:00:00-05:00,2026-02-03 11:15:00-05:00,2026-02-04 11:45:00-05:00,SHORT,65,179.75,181.83,175.58,173.5,2.085,47,1.39,True,target_2,246.03,2.46,"below 20-bar average, negative short-term momentum, near recent intraday low"
AVGO,2026-02-03 11:30:00-05:00,2026-02-03 11:45:00-05:00,2026-02-04 12:15:00-05:00,SHORT,65,315.37,320.76,304.58,299.19,5.3926,18,3.5951,True,target_2,242.67,2.427,"below 20-bar average, negative short-term momentum, near recent intraday low"
NVDA,2026-02-03 12:00:00-05:00,2026-02-03 12:15:00-05:00,2026-02-04 12:30:00-05:00,SHORT,65,179.38,181.45,175.23,173.16,2.0727,48,1.3818,True,target_2,248.72,2.487,"below 20-bar average, negative short-term momentum, near recent intraday low"
AVGO,2026-02-03 12:00:00-05:00,2026-02-03 12:15:00-05:00,2026-02-03 15:45:00-05:00,SHORT,65,313.64,319.1,302.7,297.23,5.4698,18,3.6465,False,stop,-98.46,-0.985,"below 20-bar average, negative short-term momentum, near recent intraday low"
NVDA,2026-02-03 12:30:00-05:00,2026-02-03 12:45:00-05:00,2026-02-04 12:30:00-05:00,SHORT,65,179.45,181.51,175.33,173.27,2.0598,48,1.3732,True,target_2,247.18,2.472,"below 20-bar average, negative short-term momentum, near recent intraday low"
AVGO,2026-02-03 12:30:00-05:00,2026-02-03 12:45:00-05:00,2026-02-03 15:15:00-05:00,SHORT,65,310.15,315.95,298.55,292.74,5.8019,17,3.8679,False,stop,-98.63,-0.986,"below 20-bar average, negative short-term momentum, strong relative volume"
GOOGL,2026-02-03 12:30:00-05:00,2026-02-03 12:45:00-05:00,2026-02-04 09:30:00-05:00,SHORT,65,339.79,343.18,333.0,329.61,3.3942,29,2.2628,False,stop,-98.43,-0.984,"below 20-bar average, negative short-term momentum, near recent intraday low"
META,2026-02-03 13:00:00-05:00,2026-02-03 13:15:00-05:00,2026-02-04 09:45:00-05:00,SHORT,65,690.87,696.88,678.86,672.85,6.0055,16,4.0037,True,target_2,240.22,2.402,"below 20-bar average, negative short-term momentum, near recent intraday low"
AMZN,2026-02-03 13:00:00-05:00,2026-02-03 13:15:00-05:00,2026-02-05 09:30:00-05:00,SHORT,65,236.39,238.98,231.22,228.63,2.5851,38,1.7234,True,target_2,245.58,2.456,"below 20-bar average, negative short-term momentum, near recent intraday low"
GOOGL,2026-02-03 13:00:00-05:00,2026-02-03 13:15:00-05:00,2026-02-04 09:30:00-05:00,SHORT,65,339.46,342.45,333.48,330.49,2.9915,33,1.9943,False,stop,-98.72,-0.987,"below 20-bar average, negative short-term momentum, near recent intraday low"
NVDA,2026-02-03 13:15:00-05:00,2026-02-03 13:30:00-05:00,2026-02-04 11:15:00-05:00,SHORT,65,179.15,180.7,176.04,174.49,1.553,64,1.0353,True,target_2,248.48,2.485,"below 20-bar average, strong relative volume, near recent intraday low"
META,2026-02-03 13:30:00-05:00,2026-02-03 13:45:00-05:00,2026-02-04 09:45:00-05:00,SHORT,65,688.34,693.74,677.52,672.11,5.4075,18,3.605,True,target_2,243.34,2.433,"below 20-bar average, negative short-term momentum, near recent intraday low"
GOOGL,2026-02-03 13:30:00-05:00,2026-02-03 13:45:00-05:00,2026-02-04 09:30:00-05:00,SHORT,65,338.87,341.47,333.68,331.08,2.597,38,1.7313,False,stop,-98.68,-0.987,"below 20-bar average, negative short-term momentum, near recent intraday low"
META,2026-02-03 14:15:00-05:00,2026-02-03 14:30:00-05:00,2026-02-04 09:45:00-05:00,SHORT,65,688.34,692.85,679.33,674.82,4.5085,22,3.0057,True,target_2,247.97,2.48,"below 20-bar average, negative short-term momentum, near recent intraday low"
NVDA,2026-02-03 14:15:00-05:00,2026-02-03 14:30:00-05:00,2026-02-03 15:45:00-05:00,SHORT,65,178.68,180.07,175.88,174.49,1.3965,71,0.931,False,stop,-99.15,-0.992,"below 20-bar average, negative short-term momentum, near recent intraday low"
NVDA,2026-02-04 11:30:00-05:00,2026-02-04 11:45:00-05:00,2026-02-04 14:45:00-05:00,SHORT,65,173.69,175.96,169.15,166.88,2.2705,44,1.5137,False,stop,-99.9,-0.999,"below 20-bar average, negative short-term momentum, near recent intraday low"
AMZN,2026-02-04 11:30:00-05:00,2026-02-04 11:45:00-05:00,2026-02-05 09:30:00-05:00,SHORT,65,234.77,237.19,229.94,227.52,2.4189,41,1.6126,True,target_2,249.14,2.491,"below 20-bar average, negative short-term momentum, near recent intraday low"
AVGO,2026-02-04 11:30:00-05:00,2026-02-04 11:45:00-05:00,2026-02-04 15:30:00-05:00,SHORT,65,303.47,309.31,291.8,285.96,5.837,17,3.8913,False,stop,-99.23,-0.992,"below 20-bar average, negative short-term momentum, near recent intraday low"
GOOGL,2026-02-04 11:30:00-05:00,2026-02-04 11:45:00-05:00,2026-02-05 09:30:00-05:00,SHORT,65,331.8,335.04,325.32,322.08,3.2395,30,2.1596,True,target_2,242.96,2.43,"below 20-bar average, negative short-term momentum, near recent intraday low"
AVGO,2026-02-04 12:00:00-05:00,2026-02-04 12:15:00-05:00,2026-02-04 14:45:00-05:00,SHORT,65,302.57,308.41,290.89,285.04,5.8418,17,3.8945,False,stop,-99.31,-0.993,"below 20-bar average, negative short-term momentum, near recent intraday low"
META,2026-02-04 12:15:00-05:00,2026-02-04 12:30:00-05:00,2026-02-05 11:30:00-05:00,SHORT,65,669.81,678.08,653.26,644.99,8.2731,12,5.5154,False,stop,-99.28,-0.993,"below 20-bar average, negative short-term momentum, near recent intraday low"
NVDA,2026-02-04 12:15:00-05:00,2026-02-04 12:30:00-05:00,2026-02-04 14:45:00-05:00,SHORT,65,173.34,175.66,168.7,166.38,2.3192,43,1.5461,False,stop,-99.73,-0.997,"below 20-bar average, negative short-term momentum, near recent intraday low"
AMZN,2026-02-04 12:15:00-05:00,2026-02-04 12:30:00-05:00,2026-02-05 09:30:00-05:00,SHORT,65,233.4,235.91,228.37,225.86,2.5141,39,1.6761,True,target_2,246.38,2.464,"below 20-bar average, negative short-term momentum, near recent intraday low"
GOOGL,2026-02-04 12:15:00-05:00,2026-02-04 12:30:00-05:00,2026-02-05 09:30:00-05:00,SHORT,65,331.1,334.63,324.03,320.5,3.5338,28,2.3559,True,target_2,247.37,2.474,"below 20-bar average, negative short-term momentum, near recent intraday low"
AVGO,2026-02-04 12:30:00-05:00,2026-02-04 12:45:00-05:00,2026-02-04 14:00:00-05:00,SHORT,65,296.62,302.62,284.62,278.61,6.0018,16,4.0012,False,stop,-96.03,-0.96,"below 20-bar average, negative short-term momentum, near recent intraday low"
AMZN,2026-02-04 13:00:00-05:00,2026-02-04 13:15:00-05:00,2026-02-05 09:30:00-05:00,SHORT,65,232.88,235.44,227.76,225.2,2.5612,39,1.7075,True,target_2,251.0,2.51,"below 20-bar average, negative short-term momentum, near recent intraday low"
AMZN,2026-02-04 13:30:00-05:00,2026-02-04 13:45:00-05:00,2026-02-05 09:30:00-05:00,SHORT,65,232.82,235.01,228.44,226.25,2.1884,45,1.4589,True,target_2,247.29,2.473,"below 20-bar average, negative short-term momentum, near recent intraday low"
AAPL,2026-02-05 09:30:00-05:00,2026-02-05 09:45:00-05:00,2026-02-05 09:45:00-05:00,SHORT,85,273.65,276.04,268.88,266.5,2.3866,41,1.5911,False,stop,-97.85,-0.978,"below 20-bar average, negative short-term momentum, strong relative volume, near recent intraday low"
AMZN,2026-02-05 09:30:00-05:00,2026-02-05 09:45:00-05:00,2026-02-06 09:30:00-05:00,SHORT,65,224.9,227.88,218.95,215.98,2.975,33,1.9833,True,target_2,246.93,2.469,"below 20-bar average, negative short-term momentum, strong relative volume"
GOOGL,2026-02-05 09:30:00-05:00,2026-02-05 09:45:00-05:00,2026-02-05 15:00:00-05:00,SHORT,65,325.73,330.98,315.24,310.0,5.246,19,3.4973,False,stop,-99.67,-0.997,"below 20-bar average, negative short-term momentum, strong relative volume"
NVDA,2026-02-05 09:45:00-05:00,2026-02-05 10:00:00-05:00,2026-02-06 09:30:00-05:00,SHORT,65,173.9,175.95,169.81,167.76,2.0465,48,1.3644,False,stop,-98.23,-0.982,"below 20-bar average, negative short-term momentum, strong relative volume"
META,2026-02-05 10:00:00-05:00,2026-02-05 10:15:00-05:00,2026-02-05 11:15:00-05:00,SHORT,65,662.13,669.86,646.66,638.93,7.7345,12,5.1563,False,stop,-92.81,-0.928,"below 20-bar average, negative short-term momentum, strong relative volume"
AMZN,2026-02-05 10:00:00-05:00,2026-02-05 10:15:00-05:00,2026-02-05 11:30:00-05:00,SHORT,85,220.73,224.06,214.05,210.71,3.3398,29,2.2266,False,stop,-96.86,-0.969,"below 20-bar average, negative short-term momentum, strong relative volume, near recent intraday low"
AAPL,2026-02-05 10:45:00-05:00,2026-02-05 11:00:00-05:00,2026-02-05 14:15:00-05:00,SHORT,65,274.45,277.51,268.34,265.28,3.0563,32,2.0375,False,stop,-97.8,-0.978,"below 20-bar average, negative short-term momentum, near recent intraday low"
NVDA,2026-02-05 11:00:00-05:00,2026-02-05 11:15:00-05:00,2026-02-05 11:30:00-05:00,SHORT,65,172.14,174.54,167.33,164.93,2.4045,41,1.603,False,stop,-98.58,-0.986,"below 20-bar average, negative short-term momentum, near recent intraday low"
AAPL,2026-02-05 12:00:00-05:00,2026-02-05 12:15:00-05:00,2026-02-05 14:15:00-05:00,SHORT,65,274.09,277.48,267.31,263.92,3.3906,29,2.2604,False,stop,-98.33,-0.983,"below 20-bar average, negative short-term momentum, near recent intraday low"
NVDA,2026-02-05 15:15:00-05:00,2026-02-05 15:30:00-05:00,2026-02-06 09:30:00-05:00,SHORT,65,172.25,173.71,169.32,167.86,1.4638,68,0.9759,False,stop,-99.54,-0.995,"below 20-bar average, negative short-term momentum, near recent intraday low"
AVGO,2026-02-05 15:15:00-05:00,2026-02-05 15:30:00-05:00,2026-02-06 09:30:00-05:00,SHORT,85,308.02,311.93,300.21,296.3,3.9073,25,2.6049,False,stop,-97.68,-0.977,"below 20-bar average, negative short-term momentum, strong relative volume, near recent intraday low"
AMZN,2026-02-05 15:30:00-05:00,2026-02-05 15:45:00-05:00,2026-02-06 09:30:00-05:00,SHORT,65,222.35,223.95,219.15,217.55,1.6007,62,1.0671,True,target_2,248.11,2.481,"below 20-bar average, negative short-term momentum, near recent intraday low"
NVDA,2026-02-05 15:45:00-05:00,2026-02-06 09:30:00-05:00,2026-02-06 09:30:00-05:00,SHORT,65,176.69,178.12,173.84,172.41,1.4251,70,0.9501,False,stop,-99.76,-0.998,"below 20-bar average, strong relative volume, near recent intraday low"
NVDA,2026-02-09 15:15:00-05:00,2026-02-09 15:30:00-05:00,2026-02-10 09:30:00-05:00,SHORT,65,189.89,191.78,186.12,184.23,1.8855,53,1.257,False,stop,-99.93,-0.999,"below 20-bar average, strong relative volume, near recent intraday low"
GOOGL,2026-02-09 15:15:00-05:00,2026-02-09 15:30:00-05:00,2026-02-10 09:30:00-05:00,SHORT,65,323.4,324.67,320.85,319.58,1.274,78,0.8493,True,target_2,248.43,2.484,"below 20-bar average, negative short-term momentum, near recent intraday low"
NVDA,2026-02-09 15:45:00-05:00,2026-02-10 09:30:00-05:00,2026-02-11 09:45:00-05:00,SHORT,65,191.4,193.21,187.8,186.0,1.803,55,1.202,False,stop,-99.17,-0.992,"below 20-bar average, strong relative volume, near recent intraday low"
AMZN,2026-02-09 15:45:00-05:00,2026-02-10 09:30:00-05:00,2026-02-10 10:00:00-05:00,SHORT,85,208.74,210.07,206.09,204.76,1.3271,75,0.8847,False,stop,-99.53,-0.995,"below 20-bar average, negative short-term momentum, strong relative volume, near recent intraday low"
AVGO,2026-02-09 15:45:00-05:00,2026-02-10 09:30:00-05:00,2026-02-11 09:30:00-05:00,SHORT,85,346.91,349.42,341.88,339.37,2.5128,39,1.6752,True,stop_after_t1,95.48,0.955,"below 20-bar average, negative short-term momentum, strong relative volume, near recent intraday low"
GOOGL,2026-02-09 15:45:00-05:00,2026-02-10 09:30:00-05:00,2026-02-10 09:30:00-05:00,SHORT,65,320.95,322.13,318.59,317.4,1.1824,84,0.7883,True,target_2,248.31,2.483,"below 20-bar average, strong relative volume, near recent intraday low"
AVGO,2026-02-10 11:15:00-05:00,2026-02-10 11:30:00-05:00,2026-02-11 09:30:00-05:00,SHORT,65,341.54,345.2,334.23,330.57,3.6554,27,2.437,False,stop,-98.7,-0.987,"below 20-bar average, negative short-term momentum, near recent intraday low"
AVGO,2026-02-10 14:00:00-05:00,2026-02-10 14:15:00-05:00,2026-02-11 09:30:00-05:00,SHORT,65,341.91,344.12,337.49,335.28,2.2105,45,1.4737,False,stop,-99.47,-0.995,"below 20-bar average, negative short-term momentum, near recent intraday low"
META,2026-02-10 15:00:00-05:00,2026-02-10 15:15:00-05:00,2026-02-10 15:30:00-05:00,SHORT,65,671.47,674.45,665.52,662.54,2.979,33,1.986,False,stop,-98.31,-0.983,"below 20-bar average, negative short-term momentum, near recent intraday low"
AVGO,2026-02-10 15:00:00-05:00,2026-02-10 15:15:00-05:00,2026-02-11 09:30:00-05:00,SHORT,65,340.87,342.67,337.28,335.48,1.7958,55,1.1972,False,stop,-98.77,-0.988,"below 20-bar average, negative short-term momentum, near recent intraday low"
AMZN,2026-02-10 15:30:00-05:00,2026-02-10 15:45:00-05:00,2026-02-11 09:30:00-05:00,SHORT,65,207.08,208.22,204.8,203.66,1.1386,87,0.7591,False,stop,-99.06,-0.991,"below 20-bar average, negative short-term momentum, near recent intraday low"
META,2026-02-10 15:45:00-05:00,2026-02-11 09:30:00-05:00,2026-02-11 09:30:00-05:00,SHORT,85,674.0,677.06,667.89,664.83,3.0572,32,2.0381,False,stop,-97.83,-0.978,"below 20-bar average, negative short-term momentum, strong relative volume, near recent intraday low"
NVDA,2026-02-10 15:45:00-05:00,2026-02-11 09:30:00-05:00,2026-02-11 10:00:00-05:00,SHORT,85,192.42,193.3,190.67,189.79,0.8764,114,0.5843,True,target_2,249.77,2.498,"below 20-bar average, negative short-term momentum, strong relative volume, near recent intraday low"
AAPL,2026-02-10 15:45:00-05:00,2026-02-11 09:30:00-05:00,2026-02-11 09:30:00-05:00,SHORT,65,274.7,275.49,273.11,272.31,0.7937,125,0.5291,False,stop,-99.21,-0.992,"below 20-bar average, strong relative volume, near recent intraday low"
AVGO,2026-02-10 15:45:00-05:00,2026-02-11 09:30:00-05:00,2026-02-11 09:30:00-05:00,SHORT,65,346.8,348.43,343.53,341.9,1.6331,61,1.0887,True,target_2,249.86,2.499,"below 20-bar average, strong relative volume, near recent intraday low"
GOOGL,2026-02-10 15:45:00-05:00,2026-02-11 09:30:00-05:00,2026-02-11 09:30:00-05:00,SHORT,85,319.05,320.19,316.76,315.62,1.1438,87,0.7625,False,stop,-99.51,-0.995,"below 20-bar average, negative short-term momentum, strong relative volume, near recent intraday low"
META,2026-02-11 10:00:00-05:00,2026-02-11 10:15:00-05:00,2026-02-11 10:45:00-05:00,SHORT,85,664.22,669.23,654.19,649.18,5.0139,19,3.3426,False,stop,-95.26,-0.953,"below 20-bar average, negative short-term momentum, strong relative volume, near recent intraday low"
AVGO,2026-02-11 10:00:00-05:00,2026-02-11 10:15:00-05:00,2026-02-11 12:00:00-05:00,SHORT,85,336.86,340.16,330.24,326.94,3.3056,30,2.2037,False,stop,-99.17,-0.992,"below 20-bar average, negative short-term momentum, strong relative volume, near recent intraday low"
GOOGL,2026-02-11 10:00:00-05:00,2026-02-11 10:15:00-05:00,2026-02-12 11:30:00-05:00,SHORT,85,314.31,316.2,310.54,308.65,1.8868,53,1.2579,True,stop_after_t1,98.11,0.981,"below 20-bar average, negative short-term momentum, strong relative volume, near recent intraday low"
NVDA,2026-02-11 10:15:00-05:00,2026-02-11 10:30:00-05:00,2026-02-11 10:30:00-05:00,SHORT,85,188.93,190.66,185.46,183.73,1.7318,57,1.1545,False,stop,-98.71,-0.987,"below 20-bar average, negative short-term momentum, strong relative volume, near recent intraday low"
AMZN,2026-02-11 10:15:00-05:00,2026-02-11 10:30:00-05:00,2026-02-12 10:30:00-05:00,SHORT,65,204.98,206.65,201.64,199.97,1.6716,59,1.1144,True,target_2,247.4,2.474,"below 20-bar average, strong relative volume, near recent intraday low"
GOOGL,2026-02-11 10:45:00-05:00,2026-02-11 11:00:00-05:00,2026-02-12 11:30:00-05:00,SHORT,65,312.48,314.86,307.71,305.33,2.3818,41,1.5879,False,stop,-97.65,-0.977,"below 20-bar average, strong relative volume, near recent intraday low"
AMZN,2026-02-11 11:15:00-05:00,2026-02-11 11:30:00-05:00,2026-02-12 10:45:00-05:00,SHORT,65,204.39,206.21,200.76,198.94,1.8166,55,1.211,True,target_2,250.69,2.507,"below 20-bar average, negative short-term momentum, near recent intraday low"
GOOGL,2026-02-11 11:15:00-05:00,2026-02-11 11:30:00-05:00,2026-02-12 11:30:00-05:00,SHORT,65,310.85,313.47,305.6,302.98,2.6239,38,1.7493,False,stop,-99.71,-0.997,"below 20-bar average, negative short-term momentum, near recent intraday low"
META,2026-02-11 11:45:00-05:00,2026-02-11 12:00:00-05:00,2026-02-11 15:45:00-05:00,SHORT,65,663.89,671.48,648.7,641.11,7.5902,13,5.0602,False,stop,-98.67,-0.987,"below 20-bar average, negative short-term momentum, near recent intraday low"
AMZN,2026-02-11 11:45:00-05:00,2026-02-11 12:00:00-05:00,2026-02-11 13:30:00-05:00,SHORT,65,202.61,204.55,198.74,196.8,1.9352,51,1.2901,False,stop,-98.69,-0.987,"below 20-bar average, negative short-term momentum, near recent intraday low"
AMZN,2026-02-12 09:45:00-05:00,2026-02-12 10:00:00-05:00,2026-02-12 11:00:00-05:00,SHORT,65,201.77,202.93,199.45,198.29,1.1604,86,0.7736,True,target_2,249.49,2.495,"below 20-bar average, negative short-term momentum, near recent intraday low"
AVGO,2026-02-12 09:45:00-05:00,2026-02-12 10:00:00-05:00,2026-02-12 15:30:00-05:00,SHORT,65,338.95,342.04,332.76,329.67,3.093,32,2.062,True,target_2,247.44,2.474,"below 20-bar average, negative short-term momentum, strong relative volume"
META,2026-02-12 10:30:00-05:00,2026-02-12 10:45:00-05:00,2026-02-12 12:30:00-05:00,SHORT,65,656.94,662.5,645.82,640.26,5.5585,17,3.7057,True,stop_after_t1,88.94,0.889,"below 20-bar average, negative short-term momentum, near recent intraday low"
NVDA,2026-02-12 10:30:00-05:00,2026-02-12 10:45:00-05:00,2026-02-13 09:30:00-05:00,SHORT,85,189.78,191.36,186.62,185.04,1.5803,63,1.0535,True,target_2,249.69,2.497,"below 20-bar average, negative short-term momentum, strong relative volume, near recent intraday low"
AMZN,2026-02-12 10:30:00-05:00,2026-02-12 10:45:00-05:00,2026-02-17 10:45:00-05:00,SHORT,65,199.71,201.23,196.68,195.16,1.517,65,1.0113,True,stop_after_t1,97.09,0.971,"below 20-bar average, negative short-term momentum, near recent intraday low"
AVGO,2026-02-12 10:30:00-05:00,2026-02-12 10:45:00-05:00,2026-02-13 09:30:00-05:00,SHORT,65,337.07,340.52,330.16,326.71,3.454,28,2.3026,True,target_2,241.78,2.418,"below 20-bar average, negative short-term momentum, near recent intraday low"
GOOGL,2026-02-12 10:30:00-05:00,2026-02-12 10:45:00-05:00,2026-02-12 11:30:00-05:00,SHORT,65,309.83,312.04,305.41,303.2,2.2113,45,1.4742,False,stop,-99.51,-0.995,"below 20-bar average, negative short-term momentum, near recent intraday low"
AAPL,2026-02-12 10:45:00-05:00,2026-02-12 11:00:00-05:00,2026-02-12 13:15:00-05:00,SHORT,65,268.17,270.67,263.17,260.67,2.4993,40,1.6662,True,target_2,249.93,2.499,"below 20-bar average, negative short-term momentum, near recent intraday low"
META,2026-02-12 11:00:00-05:00,2026-02-12 11:15:00-05:00,2026-02-12 12:30:00-05:00,SHORT,85,650.01,655.86,638.32,632.47,5.8457,17,3.8971,False,stop,-99.38,-0.994,"below 20-bar average, negative short-term momentum, strong relative volume, near recent intraday low"
AVGO,2026-02-12 11:00:00-05:00,2026-02-12 11:15:00-05:00,2026-02-17 09:30:00-05:00,SHORT,65,334.8,338.33,327.73,324.2,3.5334,28,2.3556,True,target_2,247.34,2.473,"below 20-bar average, negative short-term momentum, near recent intraday low"
NVDA,2026-02-12 11:15:00-05:00,2026-02-12 11:30:00-05:00,2026-02-12 11:45:00-05:00,SHORT,85,187.32,189.2,183.56,181.68,1.8792,53,1.2528,False,stop,-99.6,-0.996,"below 20-bar average, negative short-term momentum, strong relative volume, near recent intraday low"
AAPL,2026-02-12 11:15:00-05:00,2026-02-12 11:30:00-05:00,2026-02-13 14:15:00-05:00,SHORT,65,266.19,268.82,260.93,258.3,2.63,38,1.7534,True,target_2,249.85,2.499,"below 20-bar average, negative short-term momentum, near recent intraday low"
AMZN,2026-02-12 11:15:00-05:00,2026-02-12 11:30:00-05:00,2026-02-12 12:15:00-05:00,SHORT,65,197.78,199.47,194.4,192.71,1.6886,59,1.1257,False,stop,-99.63,-0.996,"below 20-bar average, negative short-term momentum, near recent intraday low"
AVGO,2026-02-12 12:00:00-05:00,2026-02-12 12:15:00-05:00,2026-02-17 09:30:00-05:00,SHORT,65,333.81,337.79,325.85,321.88,3.9779,25,2.6519,True,target_2,250.61,2.506,"below 20-bar average, negative short-term momentum, near recent intraday low"
AAPL,2026-02-12 12:30:00-05:00,2026-02-12 12:45:00-05:00,2026-02-13 15:15:00-05:00,SHORT,65,263.56,265.93,258.82,256.45,2.37,42,1.58,True,target_2,248.85,2.488,"below 20-bar average, negative short-term momentum, near recent intraday low"
AAPL,2026-02-12 13:00:00-05:00,2026-02-12 13:15:00-05:00,2026-02-17 10:15:00-05:00,SHORT,85,260.89,263.2,256.26,253.95,2.3132,43,1.5421,True,stop_after_t1,97.15,0.972,"below 20-bar average, negative short-term momentum, strong relative volume, near recent intraday low"
AVGO,2026-02-12 13:15:00-05:00,2026-02-12 13:30:00-05:00,2026-02-17 09:30:00-05:00,SHORT,65,332.87,336.52,325.57,321.92,3.6508,27,2.4339,True,target_2,248.26,2.483,"below 20-bar average, negative short-term momentum, near recent intraday low"
GOOGL,2026-02-12 14:00:00-05:00,2026-02-12 14:15:00-05:00,2026-02-17 09:30:00-05:00,SHORT,65,310.08,313.23,303.77,300.62,3.1549,31,2.1032,True,target_2,246.08,2.461,"below 20-bar average, negative short-term momentum, near recent intraday low"
AVGO,2026-02-12 14:45:00-05:00,2026-02-12 15:00:00-05:00,2026-02-13 09:45:00-05:00,SHORT,65,332.97,336.07,326.77,323.67,3.1014,32,2.0676,True,stop_after_t1,99.24,0.992,"below 20-bar average, negative short-term momentum, near recent intraday low"
AMZN,2026-02-12 15:15:00-05:00,2026-02-12 15:30:00-05:00,2026-02-12 15:45:00-05:00,SHORT,65,198.37,199.47,196.18,195.08,1.0957,91,0.7305,False,stop,-99.71,-0.997,"below 20-bar average, negative short-term momentum, near recent intraday low"
AVGO,2026-02-12 15:15:00-05:00,2026-02-12 15:30:00-05:00,2026-02-13 09:30:00-05:00,SHORT,65,330.39,333.34,324.5,321.55,2.9469,33,1.9646,False,stop,-97.25,-0.972,"below 20-bar average, negative short-term momentum, near recent intraday low"
GOOGL,2026-02-12 15:15:00-05:00,2026-02-12 15:30:00-05:00,2026-02-17 09:30:00-05:00,SHORT,65,308.14,310.59,303.24,300.8,2.4479,40,1.632,True,target_2,244.79,2.448,"below 20-bar average, negative short-term momentum, near recent intraday low"
NVDA,2026-02-12 15:45:00-05:00,2026-02-13 09:30:00-05:00,2026-02-13 09:30:00-05:00,SHORT,65,187.46,188.83,184.74,183.37,1.3643,73,0.9095,True,target_2,249.66,2.497,"below 20-bar average, strong relative volume, near recent intraday low"
AVGO,2026-02-12 15:45:00-05:00,2026-02-13 09:30:00-05:00,2026-02-13 09:30:00-05:00,SHORT,65,329.72,332.53,324.09,321.28,2.8145,35,1.8764,False,stop,-98.51,-0.985,"below 20-bar average, strong relative volume, near recent intraday low"
META,2026-02-13 09:30:00-05:00,2026-02-13 09:45:00-05:00,2026-02-13 10:15:00-05:00,SHORT,65,641.41,647.06,630.12,624.47,5.6469,17,3.7646,False,stop,-96.0,-0.96,"below 20-bar average, negative short-term momentum, strong relative volume"
AAPL,2026-02-13 09:30:00-05:00,2026-02-13 09:45:00-05:00,2026-02-17 12:00:00-05:00,SHORT,85,259.51,261.76,255.01,252.76,2.2488,44,1.4992,False,stop,-98.95,-0.989,"below 20-bar average, negative short-term momentum, strong relative volume, near recent intraday low"
AMZN,2026-02-13 09:30:00-05:00,2026-02-13 09:45:00-05:00,2026-02-13 11:00:00-05:00,SHORT,65,198.56,199.87,195.94,194.63,1.31,76,0.8734,False,stop,-99.56,-0.996,"below 20-bar average, negative short-term momentum, strong relative volume"
GOOGL,2026-02-13 09:30:00-05:00,2026-02-13 09:45:00-05:00,2026-02-17 09:45:00-05:00,SHORT,65,306.01,308.97,300.1,297.14,2.9559,33,1.9706,True,target_2,245.34,2.453,"below 20-bar average, negative short-term momentum, strong relative volume"
NVDA,2026-02-13 09:45:00-05:00,2026-02-13 10:00:00-05:00,2026-02-13 10:30:00-05:00,SHORT,85,182.4,184.54,178.11,175.97,2.1432,46,1.4288,False,stop,-98.59,-0.986,"below 20-bar average, negative short-term momentum, strong relative volume, near recent intraday low"
AVGO,2026-02-13 10:00:00-05:00,2026-02-13 10:15:00-05:00,2026-02-13 12:15:00-05:00,SHORT,85,327.2,331.18,319.26,315.28,3.9748,25,2.6499,False,stop,-99.37,-0.994,"below 20-bar average, negative short-term momentum, strong relative volume, near recent intraday low"
AAPL,2026-02-13 10:30:00-05:00,2026-02-13 10:45:00-05:00,2026-02-17 12:00:00-05:00,SHORT,65,259.57,261.82,255.08,252.83,2.2462,44,1.4974,False,stop,-98.83,-0.988,"below 20-bar average, negative short-term momentum, near recent intraday low"
AMZN,2026-02-13 10:30:00-05:00,2026-02-13 10:45:00-05:00,2026-02-13 10:45:00-05:00,SHORT,85,197.36,198.99,194.11,192.48,1.6261,61,1.0841,False,stop,-99.19,-0.992,"below 20-bar average, negative short-term momentum, strong relative volume, near recent intraday low"
META,2026-02-13 14:45:00-05:00,2026-02-13 15:00:00-05:00,2026-02-17 09:30:00-05:00,SHORT,65,643.9,647.26,637.17,633.81,3.3642,29,2.2428,True,target_2,245.59,2.456,"below 20-bar average, negative short-term momentum, near recent intraday low"
NVDA,2026-02-13 14:45:00-05:00,2026-02-13 15:00:00-05:00,2026-02-17 09:45:00-05:00,SHORT,65,182.87,184.01,180.6,179.46,1.1373,87,0.7582,True,target_2,247.94,2.479,"below 20-bar average, negative short-term momentum, near recent intraday low"
META,2026-02-13 15:15:00-05:00,2026-02-13 15:30:00-05:00,2026-02-17 09:45:00-05:00,SHORT,65,641.26,644.52,634.72,631.45,3.2673,30,2.1782,True,target_2,245.05,2.45,"below 20-bar average, strong relative volume, near recent intraday low"
NVDA,2026-02-13 15:15:00-05:00,2026-02-13 15:30:00-05:00,2026-02-17 11:00:00-05:00,SHORT,65,182.29,183.44,180.01,178.87,1.1421,87,0.7614,True,stop_after_t1,98.22,0.982,"below 20-bar average, strong relative volume, near recent intraday low"
AAPL,2026-02-13 15:15:00-05:00,2026-02-13 15:30:00-05:00,2026-02-17 09:30:00-05:00,SHORT,85,255.91,257.11,253.5,252.3,1.2029,83,0.802,False,stop,-99.84,-0.998,"below 20-bar average, negative short-term momentum, strong relative volume, near recent intraday low"
GOOGL,2026-02-13 15:15:00-05:00,2026-02-13 15:30:00-05:00,2026-02-17 09:30:00-05:00,SHORT,85,304.55,306.07,301.51,300.0,1.5176,65,1.0117,True,target_2,247.36,2.474,"below 20-bar average, negative short-term momentum, strong relative volume, near recent intraday low"
META,2026-02-13 15:45:00-05:00,2026-02-17 09:30:00-05:00,2026-02-17 10:30:00-05:00,SHORT,65,639.59,643.06,632.66,629.19,3.4666,28,2.311,True,target_2,242.66,2.427,"below 20-bar average, strong relative volume, near recent intraday low"
AAPL,2026-02-13 15:45:00-05:00,2026-02-17 09:30:00-05:00,2026-02-17 09:30:00-05:00,SHORT,65,258.05,259.28,255.59,254.37,1.2276,81,0.8184,False,stop,-99.44,-0.994,"below 20-bar average, strong relative volume, near recent intraday low"
AMZN,2026-02-13 15:45:00-05:00,2026-02-17 09:30:00-05:00,2026-02-17 09:30:00-05:00,SHORT,65,198.12,199.18,196.02,194.96,1.0535,94,0.7023,False,stop,-99.03,-0.99,"below 20-bar average, strong relative volume, near recent intraday low"
AVGO,2026-02-13 15:45:00-05:00,2026-02-17 09:30:00-05:00,2026-02-17 09:30:00-05:00,SHORT,65,319.67,322.05,314.93,312.56,2.3724,42,1.5816,False,stop,-99.64,-0.996,"below 20-bar average, strong relative volume, near recent intraday low"
GOOGL,2026-02-13 15:45:00-05:00,2026-02-17 09:30:00-05:00,2026-02-17 09:30:00-05:00,SHORT,65,300.42,301.96,297.35,295.81,1.5352,65,1.0235,False,stop,-99.79,-0.998,"below 20-bar average, strong relative volume, near recent intraday low"
NVDA,2026-02-17 09:30:00-05:00,2026-02-17 09:45:00-05:00,2026-02-17 11:00:00-05:00,SHORT,65,181.91,183.28,179.15,177.77,1.3784,72,0.9189,False,stop,-99.24,-0.992,"below 20-bar average, negative short-term momentum, strong relative volume"
META,2026-02-17 09:45:00-05:00,2026-02-17 10:00:00-05:00,2026-02-17 11:00:00-05:00,SHORT,85,631.16,636.03,621.42,616.55,4.8689,20,3.246,False,stop,-97.38,-0.974,"below 20-bar average, negative short-term momentum, strong relative volume, near recent intraday low"
AVGO,2026-02-17 09:45:00-05:00,2026-02-17 10:00:00-05:00,2026-02-17 10:00:00-05:00,SHORT,65,316.77,320.41,309.48,305.84,3.6442,27,2.4294,False,stop,-98.39,-0.984,"below 20-bar average, negative short-term momentum, near recent intraday low"
GOOGL,2026-02-17 09:45:00-05:00,2026-02-17 10:00:00-05:00,2026-02-17 11:00:00-05:00,SHORT,85,297.45,300.01,292.32,289.76,2.5649,38,1.7099,False,stop,-97.47,-0.975,"below 20-bar average, negative short-term momentum, strong relative volume, near recent intraday low"
NVDA,2026-02-17 10:00:00-05:00,2026-02-17 10:15:00-05:00,2026-02-17 10:45:00-05:00,SHORT,65,179.78,181.44,176.45,174.79,1.6639,60,1.1093,False,stop,-99.84,-0.998,"below 20-bar average, strong relative volume, near recent intraday low"
NVDA,2026-02-18 14:30:00-05:00,2026-02-18 14:45:00-05:00,2026-02-19 10:15:00-05:00,SHORT,65,187.9,188.85,185.99,185.04,0.9534,104,0.6356,True,stop_after_t1,99.15,0.991,"below 20-bar average, negative short-term momentum, near recent intraday low"
AVGO,2026-02-18 14:45:00-05:00,2026-02-18 15:00:00-05:00,2026-02-18 15:30:00-05:00,SHORT,65,331.56,333.49,327.71,325.78,1.9273,51,1.2849,False,stop,-98.29,-0.983,"below 20-bar average, negative short-term momentum, near recent intraday low"
AAPL,2026-02-18 15:45:00-05:00,2026-02-19 09:30:00-05:00,2026-02-19 09:30:00-05:00,SHORT,65,262.6,263.59,260.62,259.63,0.9914,100,0.6609,False,stop,-99.14,-0.991,"below 20-bar average, strong relative volume, near recent intraday low"
AMZN,2026-02-18 15:45:00-05:00,2026-02-19 09:30:00-05:00,2026-02-19 09:30:00-05:00,SHORT,85,203.63,204.56,201.78,200.85,0.9267,107,0.6178,False,stop,-99.16,-0.992,"below 20-bar average, negative short-term momentum, strong relative volume, near recent intraday low"
NVDA,2026-02-19 09:30:00-05:00,2026-02-19 09:45:00-05:00,2026-02-19 10:00:00-05:00,SHORT,65,186.27,187.5,183.8,182.57,1.2345,81,0.823,False,stop,-100.0,-1.0,"below 20-bar average, negative short-term momentum, near recent intraday low"
AVGO,2026-02-19 09:30:00-05:00,2026-02-19 09:45:00-05:00,2026-02-19 09:45:00-05:00,SHORT,65,331.53,333.93,326.72,324.32,2.4049,41,1.6032,False,stop,-98.6,-0.986,"below 20-bar average, negative short-term momentum, strong relative volume"
GOOGL,2026-02-19 09:30:00-05:00,2026-02-19 09:45:00-05:00,2026-02-19 09:45:00-05:00,SHORT,85,301.4,303.16,297.88,296.12,1.76,56,1.1733,False,stop,-98.56,-0.986,"below 20-bar average, negative short-term momentum, strong relative volume, near recent intraday low"
AAPL,2026-02-19 10:00:00-05:00,2026-02-19 10:15:00-05:00,2026-02-19 11:15:00-05:00,SHORT,65,262.99,264.27,260.44,259.16,1.2758,78,0.8506,False,stop,-99.52,-0.995,"below 20-bar average, negative short-term momentum, near recent intraday low"
AMZN,2026-02-19 10:15:00-05:00,2026-02-19 10:30:00-05:00,2026-02-19 11:00:00-05:00,SHORT,65,203.71,205.14,200.84,199.41,1.4339,69,0.9559,False,stop,-98.94,-0.989,"below 20-bar average, negative short-term momentum, near recent intraday low"
META,2026-02-19 15:00:00-05:00,2026-02-19 15:15:00-05:00,2026-02-19 15:45:00-05:00,SHORT,65,641.8,644.97,635.46,632.29,3.1685,31,2.1123,False,stop,-98.22,-0.982,"below 20-bar average, negative short-term momentum, near recent intraday low"
AVGO,2026-02-19 15:00:00-05:00,2026-02-19 15:15:00-05:00,2026-02-19 15:45:00-05:00,SHORT,65,330.85,333.27,326.0,323.58,2.4216,41,1.6144,False,stop,-99.29,-0.993,"below 20-bar average, negative short-term momentum, near recent intraday low"
META,2026-02-19 15:30:00-05:00,2026-02-19 15:45:00-05:00,2026-02-20 09:30:00-05:00,SHORT,65,643.4,646.36,637.46,634.5,2.9665,33,1.9777,False,stop,-97.89,-0.979,"below 20-bar average, strong relative volume, near recent intraday low"
META,2026-02-23 09:30:00-05:00,2026-02-23 09:45:00-05:00,2026-02-23 15:00:00-05:00,SHORT,85,648.47,652.44,640.51,636.54,3.9752,25,2.6501,True,target_2,250.44,2.504,"below 20-bar average, negative short-term momentum, strong relative volume, near recent intraday low"
AMZN,2026-02-23 09:30:00-05:00,2026-02-23 09:45:00-05:00,2026-02-24 10:15:00-05:00,SHORT,85,205.88,207.44,202.76,201.21,1.5581,64,1.0388,False,stop,-99.72,-0.997,"below 20-bar average, negative short-term momentum, strong relative volume, near recent intraday low"
AMZN,2026-02-23 10:00:00-05:00,2026-02-23 10:15:00-05:00,2026-02-24 09:45:00-05:00,SHORT,85,204.57,206.27,201.16,199.46,1.7039,58,1.1359,False,stop,-98.82,-0.988,"below 20-bar average, negative short-term momentum, strong relative volume, near recent intraday low"
META,2026-02-23 10:15:00-05:00,2026-02-23 10:30:00-05:00,2026-02-24 09:30:00-05:00,SHORT,65,649.11,653.5,640.34,635.95,4.3872,22,2.9248,True,target_2,241.29,2.413,"below 20-bar average, strong relative volume, near recent intraday low"
AMZN,2026-02-23 10:30:00-05:00,2026-02-23 10:45:00-05:00,2026-02-24 09:45:00-05:00,SHORT,65,204.82,206.48,201.49,199.83,1.6607,60,1.1071,False,stop,-99.64,-0.996,"below 20-bar average, strong relative volume, near recent intraday low"
GOOGL,2026-02-23 10:30:00-05:00,2026-02-23 10:45:00-05:00,2026-02-24 09:30:00-05:00,SHORT,85,314.08,316.11,310.02,307.99,2.0309,49,1.3539,True,target_2,249.8,2.498,"below 20-bar average, negative short-term momentum, strong relative volume, near recent intraday low"
META,2026-02-23 10:45:00-05:00,2026-02-23 11:00:00-05:00,2026-02-24 09:30:00-05:00,SHORT,65,644.17,648.6,635.32,630.89,4.4258,22,2.9505,True,target_2,243.42,2.434,"below 20-bar average, negative short-term momentum, near recent intraday low"
AVGO,2026-02-23 10:45:00-05:00,2026-02-23 11:00:00-05:00,2026-02-24 09:30:00-05:00,SHORT,85,331.14,334.38,324.65,321.41,3.2426,30,2.1618,True,target_2,243.2,2.432,"below 20-bar average, negative short-term momentum, strong relative volume, near recent intraday low"
AMZN,2026-02-23 11:00:00-05:00,2026-02-23 11:15:00-05:00,2026-02-24 09:30:00-05:00,SHORT,65,203.9,205.62,200.45,198.73,1.7247,57,1.1498,False,stop,-98.31,-0.983,"below 20-bar average, negative short-term momentum, near recent intraday low"
GOOGL,2026-02-23 11:00:00-05:00,2026-02-23 11:15:00-05:00,2026-02-23 11:45:00-05:00,SHORT,65,312.13,314.36,307.67,305.44,2.2312,44,1.4875,False,stop,-98.17,-0.982,"below 20-bar average, strong relative volume, near recent intraday low"
META,2026-02-23 11:30:00-05:00,2026-02-23 11:45:00-05:00,2026-02-24 09:30:00-05:00,SHORT,65,643.78,648.54,634.25,629.49,4.7628,20,3.1752,True,target_2,238.14,2.381,"below 20-bar average, strong relative volume, near recent intraday low"
AMZN,2026-02-23 11:30:00-05:00,2026-02-23 11:45:00-05:00,2026-02-24 09:30:00-05:00,SHORT,65,204.14,205.93,200.56,198.77,1.7884,55,1.1923,False,stop,-98.36,-0.984,"below 20-bar average, strong relative volume, near recent intraday low"
AVGO,2026-02-23 11:45:00-05:00,2026-02-23 12:00:00-05:00,2026-02-24 09:30:00-05:00,SHORT,85,331.32,334.85,324.26,320.73,3.5308,28,2.3539,True,target_2,247.16,2.472,"below 20-bar average, negative short-term momentum, strong relative volume, near recent intraday low"
META,2026-02-23 12:00:00-05:00,2026-02-23 12:15:00-05:00,2026-02-25 09:30:00-05:00,SHORT,65,643.06,647.76,633.66,628.96,4.6999,21,3.1333,True,stop_after_t1,94.0,0.94,"below 20-bar average, strong relative volume, near recent intraday low"
AMZN,2026-02-23 12:30:00-05:00,2026-02-23 12:45:00-05:00,2026-02-24 09:30:00-05:00,SHORT,65,203.61,205.37,200.08,198.32,1.7627,56,1.1751,False,stop,-98.71,-0.987,"below 20-bar average, strong relative volume, near recent intraday low"
AVGO,2026-02-23 12:30:00-05:00,2026-02-23 12:45:00-05:00,2026-02-24 09:30:00-05:00,SHORT,65,330.02,333.72,322.64,318.95,3.6903,27,2.4602,True,target_2,250.94,2.509,"below 20-bar average, negative short-term momentum, near recent intraday low"
META,2026-02-23 12:45:00-05:00,2026-02-23 13:00:00-05:00,2026-02-25 09:30:00-05:00,SHORT,65,642.71,647.52,633.1,628.29,4.8074,20,3.2049,True,stop_after_t1,96.15,0.961,"below 20-bar average, strong relative volume, near recent intraday low"
META,2026-02-23 13:15:00-05:00,2026-02-23 13:30:00-05:00,2026-02-24 09:30:00-05:00,SHORT,65,643.55,647.17,636.31,632.69,3.6186,27,2.4124,True,target_2,246.07,2.461,"below 20-bar average, strong relative volume, near recent intraday low"
AMZN,2026-02-23 13:30:00-05:00,2026-02-23 13:45:00-05:00,2026-02-23 15:45:00-05:00,SHORT,65,203.93,205.14,201.52,200.32,1.2066,82,0.8044,False,stop,-98.94,-0.989,"below 20-bar average, strong relative volume, near recent intraday low"
AVGO,2026-02-23 13:30:00-05:00,2026-02-23 13:45:00-05:00,2026-02-24 09:30:00-05:00,SHORT,65,330.1,332.79,324.72,322.02,2.6922,37,1.7948,True,target_2,250.38,2.504,"below 20-bar average, negative short-term momentum, near recent intraday low"
META,2026-02-23 13:45:00-05:00,2026-02-23 14:00:00-05:00,2026-02-24 09:30:00-05:00,SHORT,65,640.2,643.6,633.4,629.99,3.4017,29,2.2678,True,target_2,248.32,2.483,"below 20-bar average, negative short-term momentum, near recent intraday low"
AVGO,2026-02-23 14:00:00-05:00,2026-02-23 14:15:00-05:00,2026-02-23 15:45:00-05:00,SHORT,65,327.04,329.66,321.79,319.17,2.6237,38,1.7491,False,stop,-99.7,-0.997,"below 20-bar average, negative short-term momentum, near recent intraday low"
META,2026-02-23 14:30:00-05:00,2026-02-23 14:45:00-05:00,2026-02-24 09:30:00-05:00,SHORT,65,639.39,642.21,633.74,630.92,2.8231,35,1.882,True,target_2,248.43,2.484,"below 20-bar average, strong relative volume, near recent intraday low"
GOOGL,2026-02-23 14:30:00-05:00,2026-02-23 14:45:00-05:00,2026-02-24 09:30:00-05:00,SHORT,65,311.38,312.88,308.36,306.85,1.5067,66,1.0045,True,target_2,248.61,2.486,"below 20-bar average, negative short-term momentum, near recent intraday low"
AAPL,2026-02-24 15:00:00-05:00,2026-02-24 15:15:00-05:00,2026-02-25 09:45:00-05:00,SHORT,65,271.67,272.74,269.53,268.46,1.0698,93,0.7132,False,stop,-99.49,-0.995,"below 20-bar average, negative short-term momentum, near recent intraday low"
AMZN,2026-02-24 15:15:00-05:00,2026-02-24 15:30:00-05:00,2026-02-25 09:30:00-05:00,SHORT,85,208.24,209.14,206.44,205.54,0.8998,111,0.5998,False,stop,-99.87,-0.999,"below 20-bar average, negative short-term momentum, strong relative volume, near recent intraday low"
NVDA,2026-02-26 09:30:00-05:00,2026-02-26 09:45:00-05:00,2026-02-26 10:15:00-05:00,SHORT,85,189.99,191.38,187.22,185.83,1.3865,72,0.9243,True,target_2,249.56,2.496,"below 20-bar average, negative short-term momentum, strong relative volume, near recent intraday low"
AVGO,2026-02-26 09:30:00-05:00,2026-02-26 09:45:00-05:00,2026-02-26 10:30:00-05:00,SHORT,85,318.64,321.87,312.18,308.94,3.2319,30,2.1546,True,target_2,242.39,2.424,"below 20-bar average, negative short-term momentum, strong relative volume, near recent intraday low"
GOOGL,2026-02-26 09:30:00-05:00,2026-02-26 09:45:00-05:00,2026-02-26 10:15:00-05:00,SHORT,85,308.39,309.96,305.25,303.68,1.5692,63,1.0461,True,target_2,247.93,2.479,"below 20-bar average, negative short-term momentum, strong relative volume, near recent intraday low"
AMZN,2026-02-26 09:45:00-05:00,2026-02-26 10:00:00-05:00,2026-02-26 12:15:00-05:00,SHORT,65,209.31,210.16,207.6,206.75,0.8542,117,0.5695,True,target_2,250.28,2.503,"below 20-bar average, negative short-term momentum, near recent intraday low"
NVDA,2026-02-26 10:00:00-05:00,2026-02-26 10:15:00-05:00,2026-02-27 09:30:00-05:00,SHORT,65,186.89,188.68,183.3,181.51,1.7931,55,1.1954,True,target_2,247.44,2.474,"below 20-bar average, negative short-term momentum, near recent intraday low"
AAPL,2026-02-26 10:00:00-05:00,2026-02-26 10:15:00-05:00,2026-02-27 10:15:00-05:00,SHORT,85,272.5,273.86,269.78,268.41,1.3624,73,0.9083,True,target_2,249.32,2.493,"below 20-bar average, negative short-term momentum, strong relative volume, near recent intraday low"
AVGO,2026-02-26 10:00:00-05:00,2026-02-26 10:15:00-05:00,2026-02-26 14:45:00-05:00,SHORT,85,313.88,317.74,306.15,302.29,3.8646,25,2.5764,False,stop,-96.62,-0.966,"below 20-bar average, negative short-term momentum, strong relative volume, near recent intraday low"
GOOGL,2026-02-26 10:00:00-05:00,2026-02-26 10:15:00-05:00,2026-02-26 11:15:00-05:00,SHORT,85,305.29,307.12,301.64,299.81,1.8253,54,1.2168,False,stop,-98.56,-0.986,"below 20-bar average, negative short-term momentum, strong relative volume, near recent intraday low"
META,2026-02-26 10:15:00-05:00,2026-02-26 10:30:00-05:00,2026-02-26 11:00:00-05:00,SHORT,65,650.8,655.23,641.93,637.5,4.4333,22,2.9556,False,stop,-97.53,-0.975,"below 20-bar average, negative short-term momentum, strong relative volume"
AMZN,2026-02-26 10:15:00-05:00,2026-02-26 10:30:00-05:00,2026-02-26 11:00:00-05:00,SHORT,65,207.51,208.65,205.23,204.09,1.1385,87,0.759,False,stop,-99.05,-0.99,"below 20-bar average, negative short-term momentum, near recent intraday low"
AAPL,2026-02-26 10:45:00-05:00,2026-02-26 11:00:00-05:00,2026-02-26 11:15:00-05:00,SHORT,65,270.99,272.62,267.74,266.12,1.626,61,1.084,False,stop,-99.19,-0.992,"below 20-bar average, strong relative volume, near recent intraday low"
AVGO,2026-02-26 10:45:00-05:00,2026-02-26 11:00:00-05:00,2026-02-26 11:15:00-05:00,SHORT,65,309.79,314.29,300.78,296.28,4.5044,22,3.0029,False,stop,-99.1,-0.991,"below 20-bar average, negative short-term momentum, strong relative volume"
NVDA,2026-02-26 11:30:00-05:00,2026-02-26 11:45:00-05:00,2026-02-27 12:15:00-05:00,SHORT,65,186.74,189.17,181.88,179.45,2.4301,41,1.6201,True,target_2,250.3,2.503,"below 20-bar average, negative short-term momentum, strong relative volume"
AMZN,2026-02-26 11:30:00-05:00,2026-02-26 11:45:00-05:00,2026-02-27 10:45:00-05:00,SHORT,65,207.62,209.01,204.85,203.46,1.3871,72,0.9247,False,stop,-99.87,-0.999,"below 20-bar average, strong relative volume, near recent intraday low"
GOOGL,2026-02-26 11:30:00-05:00,2026-02-26 11:45:00-05:00,2026-02-27 09:45:00-05:00,SHORT,65,306.11,308.88,300.58,297.81,2.7664,36,1.8443,False,stop,-99.59,-0.996,"below 20-bar average, negative short-term momentum, strong relative volume"
AAPL,2026-02-26 11:45:00-05:00,2026-02-26 12:00:00-05:00,2026-02-27 13:00:00-05:00,SHORT,65,271.94,273.73,268.35,266.56,1.7934,55,1.1956,True,target_2,247.49,2.475,"below 20-bar average, strong relative volume, near recent intraday low"
AMZN,2026-02-26 12:30:00-05:00,2026-02-26 12:45:00-05:00,2026-02-26 14:00:00-05:00,SHORT,65,206.21,207.77,203.09,201.54,1.558,64,1.0386,False,stop,-99.71,-0.997,"below 20-bar average, negative short-term momentum, near recent intraday low"
AAPL,2026-02-26 12:45:00-05:00,2026-02-26 13:00:00-05:00,2026-02-26 14:15:00-05:00,SHORT,65,271.17,272.92,267.67,265.92,1.751,57,1.1673,False,stop,-99.81,-0.998,"below 20-bar average, strong relative volume, near recent intraday low"
NVDA,2026-02-26 13:00:00-05:00,2026-02-26 13:15:00-05:00,2026-02-27 13:45:00-05:00,SHORT,65,185.15,187.34,180.76,178.57,2.1948,45,1.4632,True,target_2,248.01,2.48,"below 20-bar average, negative short-term momentum, near recent intraday low"
AMZN,2026-02-26 13:00:00-05:00,2026-02-26 13:15:00-05:00,2026-02-26 13:45:00-05:00,SHORT,65,205.51,206.97,202.57,201.1,1.468,68,0.9786,False,stop,-99.82,-0.998,"below 20-bar average, strong relative volume, near recent intraday low"
AAPL,2026-02-26 13:30:00-05:00,2026-02-26 13:45:00-05:00,2026-02-26 14:30:00-05:00,SHORT,65,271.78,273.1,269.13,267.8,1.3253,75,0.8836,False,stop,-99.4,-0.994,"below 20-bar average, strong relative volume, near recent intraday low"
META,2026-02-27 09:30:00-05:00,2026-02-27 09:45:00-05:00,2026-02-27 09:45:00-05:00,SHORT,65,643.22,647.69,634.27,629.8,4.4729,22,2.9819,False,stop,-98.4,-0.984,"below 20-bar average, negative short-term momentum, strong relative volume"
NVDA,2026-02-27 09:30:00-05:00,2026-02-27 09:45:00-05:00,2026-03-02 09:30:00-05:00,SHORT,65,180.62,182.59,176.66,174.68,1.9782,50,1.3188,True,target_2,247.28,2.473,"below 20-bar average, negative short-term momentum, near recent intraday low"
AAPL,2026-02-27 09:30:00-05:00,2026-02-27 09:45:00-05:00,2026-02-27 09:45:00-05:00,SHORT,65,268.93,270.29,266.22,264.86,1.356,73,0.904,False,stop,-98.99,-0.99,"below 20-bar average, negative short-term momentum, near recent intraday low"
AMZN,2026-02-27 09:30:00-05:00,2026-02-27 09:45:00-05:00,2026-02-27 10:00:00-05:00,SHORT,85,205.96,207.19,203.51,202.28,1.2262,81,0.8175,False,stop,-99.32,-0.993,"below 20-bar average, negative short-term momentum, strong relative volume, near recent intraday low"
AVGO,2026-02-27 09:30:00-05:00,2026-02-27 09:45:00-05:00,2026-02-27 10:00:00-05:00,SHORT,65,313.26,317.27,305.24,301.23,4.0109,24,2.6739,False,stop,-96.26,-0.963,"below 20-bar average, negative short-term momentum, strong relative volume"
AAPL,2026-02-27 10:00:00-05:00,2026-02-27 10:15:00-05:00,2026-02-27 15:45:00-05:00,SHORT,65,269.53,271.25,266.09,264.37,1.7188,58,1.1459,True,target_2,249.22,2.492,"below 20-bar average, negative short-term momentum, near recent intraday low"
AAPL,2026-02-27 10:45:00-05:00,2026-02-27 11:00:00-05:00,2026-02-27 15:45:00-05:00,SHORT,65,268.88,270.7,265.24,263.41,1.822,54,1.2147,True,target_2,245.97,2.46,"below 20-bar average, strong relative volume, near recent intraday low"
AAPL,2026-02-27 11:15:00-05:00,2026-02-27 11:30:00-05:00,2026-02-27 15:45:00-05:00,SHORT,65,269.07,270.94,265.34,263.47,1.8654,53,1.2436,True,target_2,248.1,2.481,"below 20-bar average, strong relative volume, near recent intraday low"
NVDA,2026-02-27 11:30:00-05:00,2026-02-27 11:45:00-05:00,2026-03-02 10:00:00-05:00,SHORT,65,180.23,182.39,175.89,173.72,2.1691,46,1.4461,True,stop_after_t1,99.78,0.998,"below 20-bar average, negative short-term momentum, near recent intraday low"
AAPL,2026-02-27 11:45:00-05:00,2026-02-27 12:00:00-05:00,2026-03-02 09:30:00-05:00,SHORT,65,268.62,270.54,264.78,262.86,1.9198,52,1.2799,True,target_2,249.58,2.496,"below 20-bar average, strong relative volume, near recent intraday low"
META,2026-02-27 12:30:00-05:00,2026-02-27 12:45:00-05:00,2026-02-27 15:45:00-05:00,SHORT,65,641.98,647.62,630.71,625.07,5.6366,17,3.7578,False,stop,-95.82,-0.958,"below 20-bar average, strong relative volume, near recent intraday low"
AAPL,2026-02-27 13:15:00-05:00,2026-02-27 13:30:00-05:00,2026-03-02 09:30:00-05:00,SHORT,65,265.95,267.45,262.94,261.44,1.5042,66,1.0028,True,target_2,248.2,2.482,"below 20-bar average, strong relative volume, near recent intraday low"
META,2026-02-27 13:45:00-05:00,2026-02-27 14:00:00-05:00,2026-02-27 15:45:00-05:00,SHORT,65,640.78,644.01,634.34,631.12,3.2233,31,2.1488,False,stop,-99.92,-0.999,"below 20-bar average, strong relative volume, near recent intraday low"
NVDA,2026-02-27 14:15:00-05:00,2026-02-27 14:30:00-05:00,2026-03-02 09:30:00-05:00,SHORT,65,178.67,179.78,176.46,175.35,1.1063,90,0.7375,True,stop_after_t1,99.56,0.996,"below 20-bar average, strong relative volume, near recent intraday low"
META,2026-02-27 14:30:00-05:00,2026-02-27 14:45:00-05:00,2026-02-27 15:15:00-05:00,SHORT,65,639.08,641.9,633.43,630.61,2.8247,35,1.8831,False,stop,-98.87,-0.989,"below 20-bar average, strong relative volume, near recent intraday low"
AAPL,2026-02-27 14:45:00-05:00,2026-02-27 15:00:00-05:00,2026-02-27 15:15:00-05:00,SHORT,65,265.39,266.54,263.1,261.95,1.1455,87,0.7637,False,stop,-99.66,-0.997,"below 20-bar average, strong relative volume, near recent intraday low"
AAPL,2026-03-02 09:30:00-05:00,2026-03-02 09:45:00-05:00,2026-03-02 11:00:00-05:00,SHORT,65,262.89,264.65,259.37,257.61,1.7591,56,1.1728,False,stop,-98.51,-0.985,"below 20-bar average, negative short-term momentum, strong relative volume"
AVGO,2026-03-02 09:30:00-05:00,2026-03-02 09:45:00-05:00,2026-03-02 09:45:00-05:00,SHORT,65,313.37,316.28,307.55,304.64,2.9092,34,1.9395,False,stop,-98.91,-0.989,"below 20-bar average, negative short-term momentum, strong relative volume"
GOOGL,2026-03-02 09:30:00-05:00,2026-03-02 09:45:00-05:00,2026-03-02 11:45:00-05:00,SHORT,65,305.07,307.98,299.26,296.35,2.9072,34,1.9382,False,stop,-98.85,-0.988,"below 20-bar average, negative short-term momentum, strong relative volume"
AVGO,2026-03-02 10:15:00-05:00,2026-03-02 10:30:00-05:00,2026-03-02 11:30:00-05:00,SHORT,65,312.6,316.37,305.06,301.29,3.7685,26,2.5124,False,stop,-97.98,-0.98,"below 20-bar average, negative short-term momentum, strong relative volume"
AVGO,2026-03-02 11:15:00-05:00,2026-03-02 11:30:00-05:00,2026-03-02 15:45:00-05:00,SHORT,65,314.27,318.65,305.51,301.13,4.3805,22,2.9204,False,stop,-96.37,-0.964,"below 20-bar average, negative short-term momentum, strong relative volume"
GOOGL,2026-03-02 11:15:00-05:00,2026-03-02 11:30:00-05:00,2026-03-02 12:30:00-05:00,SHORT,65,304.82,308.1,298.26,294.98,3.2788,30,2.1859,False,stop,-98.36,-0.984,"below 20-bar average, negative short-term momentum, strong relative volume"
META,2026-03-02 15:00:00-05:00,2026-03-02 15:15:00-05:00,2026-03-03 09:30:00-05:00,SHORT,85,652.23,655.61,645.46,642.08,3.3849,29,2.2566,False,stop,-98.16,-0.982,"below 20-bar average, negative short-term momentum, strong relative volume, near recent intraday low"
AAPL,2026-03-02 15:00:00-05:00,2026-03-02 15:15:00-05:00,2026-03-03 10:00:00-05:00,SHORT,65,264.43,265.58,262.14,260.99,1.1466,87,0.7644,True,stop_after_t1,98.61,0.986,"below 20-bar average, negative short-term momentum, strong relative volume"
GOOGL,2026-03-02 15:00:00-05:00,2026-03-02 15:15:00-05:00,2026-03-03 09:30:00-05:00,SHORT,65,305.49,306.91,302.65,301.23,1.4191,70,0.946,True,target_2,248.34,2.483,"below 20-bar average, negative short-term momentum, near recent intraday low"
META,2026-03-03 09:30:00-05:00,2026-03-03 09:45:00-05:00,2026-03-03 11:15:00-05:00,SHORT,65,650.78,655.09,642.14,637.82,4.3171,23,2.8781,True,stop_after_t1,94.98,0.95,"below 20-bar average, negative short-term momentum, strong relative volume"
NVDA,2026-03-03 09:30:00-05:00,2026-03-03 09:45:00-05:00,2026-03-03 10:00:00-05:00,SHORT,65,178.42,179.74,175.78,174.46,1.319,75,0.8793,False,stop,-98.93,-0.989,"below 20-bar average, negative short-term momentum, near recent intraday low"
AAPL,2026-03-03 09:30:00-05:00,2026-03-03 09:45:00-05:00,2026-03-04 09:30:00-05:00,SHORT,65,263.05,264.8,259.54,257.79,1.7543,57,1.1696,False,stop,-100.0,-1.0,"below 20-bar average, negative short-term momentum, strong relative volume"
AMZN,2026-03-03 09:30:00-05:00,2026-03-03 09:45:00-05:00,2026-03-03 11:15:00-05:00,SHORT,65,204.08,205.63,200.97,199.42,1.5538,64,1.0359,False,stop,-99.44,-0.994,"below 20-bar average, negative short-term momentum, strong relative volume"
AVGO,2026-03-03 09:30:00-05:00,2026-03-03 09:45:00-05:00,2026-03-03 09:45:00-05:00,SHORT,65,310.32,313.58,303.8,300.54,3.2597,30,2.1731,False,stop,-97.79,-0.978,"below 20-bar average, negative short-term momentum, strong relative volume"
GOOGL,2026-03-03 09:30:00-05:00,2026-03-03 09:45:00-05:00,2026-03-03 13:30:00-05:00,SHORT,65,300.34,302.81,295.4,292.93,2.47,40,1.6467,False,stop,-98.8,-0.988,"below 20-bar average, negative short-term momentum, strong relative volume"
META,2026-03-03 10:15:00-05:00,2026-03-03 10:30:00-05:00,2026-03-03 10:30:00-05:00,SHORT,65,639.51,645.52,627.49,621.48,6.009,16,4.006,False,stop,-96.14,-0.961,"below 20-bar average, negative short-term momentum, near recent intraday low"
NVDA,2026-03-03 10:15:00-05:00,2026-03-03 10:30:00-05:00,2026-03-03 11:00:00-05:00,SHORT,65,177.76,179.45,174.37,172.68,1.6945,59,1.1297,False,stop,-99.98,-1.0,"below 20-bar average, negative short-term momentum, near recent intraday low"
AAPL,2026-03-03 10:15:00-05:00,2026-03-03 10:30:00-05:00,2026-03-03 14:30:00-05:00,SHORT,65,262.28,264.54,257.75,255.49,2.2639,44,1.5093,False,stop,-99.61,-0.996,"below 20-bar average, negative short-term momentum, near recent intraday low"
AMZN,2026-03-03 10:15:00-05:00,2026-03-03 10:30:00-05:00,2026-03-03 11:00:00-05:00,SHORT,65,202.65,204.56,198.84,196.94,1.9055,52,1.2703,False,stop,-99.08,-0.991,"below 20-bar average, negative short-term momentum, near recent intraday low"
GOOGL,2026-03-03 10:15:00-05:00,2026-03-03 10:30:00-05:00,2026-03-03 11:00:00-05:00,SHORT,65,297.28,300.09,291.66,288.84,2.8119,35,1.8746,False,stop,-98.42,-0.984,"below 20-bar average, negative short-term momentum, near recent intraday low"
META,2026-03-04 15:45:00-05:00,2026-03-05 09:30:00-05:00,2026-03-05 09:30:00-05:00,SHORT,65,662.15,665.45,655.54,652.24,3.3026,30,2.2017,False,stop,-99.08,-0.991,"below 20-bar average, strong relative volume, near recent intraday low"
AAPL,2026-03-04 15:45:00-05:00,2026-03-05 09:30:00-05:00,2026-03-05 10:45:00-05:00,SHORT,65,260.74,261.75,258.74,257.73,1.0037,99,0.6691,True,stop_after_t1,98.36,0.984,"below 20-bar average, strong relative volume, near recent intraday low"
AVGO,2026-03-04 15:45:00-05:00,2026-03-05 09:30:00-05:00,2026-03-05 09:30:00-05:00,SHORT,85,330.17,332.21,326.11,324.08,2.0304,49,1.3536,True,target_2,249.74,2.497,"below 20-bar average, negative short-term momentum, strong relative volume, near recent intraday low"
GOOGL,2026-03-04 15:45:00-05:00,2026-03-05 09:30:00-05:00,2026-03-05 09:30:00-05:00,SHORT,65,303.01,304.04,300.94,299.9,1.0339,96,0.6893,True,target_2,248.15,2.481,"below 20-bar average, strong relative volume, near recent intraday low"
NVDA,2026-03-05 09:30:00-05:00,2026-03-05 09:45:00-05:00,2026-03-05 09:45:00-05:00,SHORT,85,181.1,182.26,178.77,177.61,1.1647,85,0.7765,False,stop,-99.0,-0.99,"below 20-bar average, negative short-term momentum, strong relative volume, near recent intraday low"
META,2026-03-05 10:15:00-05:00,2026-03-05 10:30:00-05:00,2026-03-06 09:30:00-05:00,SHORT,65,662.09,667.21,651.87,646.76,5.1128,19,3.4085,True,target_2,245.41,2.454,"below 20-bar average, negative short-term momentum, near recent intraday low"
NVDA,2026-03-05 10:15:00-05:00,2026-03-05 10:30:00-05:00,2026-03-05 10:45:00-05:00,SHORT,65,181.7,183.14,178.81,177.37,1.4437,69,0.9625,False,stop,-99.62,-0.996,"below 20-bar average, negative short-term momentum, near recent intraday low"
GOOGL,2026-03-05 10:15:00-05:00,2026-03-05 10:30:00-05:00,2026-03-06 10:00:00-05:00,SHORT,65,299.64,301.64,295.64,293.63,2.0022,49,1.3348,True,stop_after_t1,96.11,0.961,"below 20-bar average, negative short-term momentum, near recent intraday low"
META,2026-03-05 11:00:00-05:00,2026-03-05 11:15:00-05:00,2026-03-06 09:30:00-05:00,SHORT,65,658.57,664.2,647.3,641.66,5.6335,17,3.7557,True,target_2,242.24,2.422,"below 20-bar average, negative short-term momentum, near recent intraday low"
GOOGL,2026-03-05 11:00:00-05:00,2026-03-05 11:15:00-05:00,2026-03-09 10:45:00-04:00,SHORT,85,299.2,301.45,294.71,292.46,2.2463,44,1.4976,True,stop_after_t1,98.84,0.988,"below 20-bar average, negative short-term momentum, strong relative volume, near recent intraday low"
META,2026-03-05 12:15:00-05:00,2026-03-05 12:30:00-05:00,2026-03-06 09:30:00-05:00,SHORT,65,655.92,661.94,643.89,637.87,6.0187,16,4.0125,True,target_2,240.75,2.407,"below 20-bar average, negative short-term momentum, near recent intraday low"
NVDA,2026-03-05 12:15:00-05:00,2026-03-05 12:30:00-05:00,2026-03-05 15:45:00-05:00,SHORT,65,181.07,182.94,177.32,175.45,1.8742,53,1.2495,False,stop,-99.33,-0.993,"below 20-bar average, negative short-term momentum, near recent intraday low"
AAPL,2026-03-05 12:15:00-05:00,2026-03-05 12:30:00-05:00,2026-03-09 15:15:00-04:00,SHORT,65,259.04,261.21,254.7,252.52,2.1718,46,1.4478,True,stop_after_t1,99.9,0.999,"below 20-bar average, negative short-term momentum, near recent intraday low"
NVDA,2026-03-05 12:45:00-05:00,2026-03-05 13:00:00-05:00,2026-03-05 14:00:00-05:00,SHORT,85,178.67,180.78,174.45,172.34,2.1115,47,1.4077,False,stop,-99.24,-0.992,"below 20-bar average, negative short-term momentum, strong relative volume, near recent intraday low"
META,2026-03-05 13:15:00-05:00,2026-03-05 13:30:00-05:00,2026-03-05 15:00:00-05:00,SHORT,65,653.18,658.72,642.09,636.55,5.5433,18,3.6955,False,stop,-99.78,-0.998,"below 20-bar average, negative short-term momentum, near recent intraday low"
GOOGL,2026-03-05 13:15:00-05:00,2026-03-05 13:30:00-05:00,2026-03-05 15:15:00-05:00,SHORT,65,298.27,300.36,294.09,292.0,2.0891,47,1.3928,False,stop,-98.19,-0.982,"below 20-bar average, negative short-term momentum, near recent intraday low"
AAPL,2026-03-05 13:45:00-05:00,2026-03-05 14:00:00-05:00,2026-03-05 15:45:00-05:00,SHORT,65,258.19,259.95,254.65,252.88,1.7679,56,1.1786,False,stop,-99.0,-0.99,"below 20-bar average, negative short-term momentum, near recent intraday low"
META,2026-03-06 09:30:00-05:00,2026-03-06 09:45:00-05:00,2026-03-06 10:30:00-05:00,SHORT,65,640.0,646.63,626.74,620.11,6.6296,15,4.4198,False,stop,-99.44,-0.994,"below 20-bar average, negative short-term momentum, strong relative volume"
AAPL,2026-03-06 09:30:00-05:00,2026-03-06 09:45:00-05:00,2026-03-06 10:45:00-05:00,SHORT,85,255.49,257.48,251.53,249.54,1.9837,50,1.3225,False,stop,-99.19,-0.992,"below 20-bar average, negative short-term momentum, strong relative volume, near recent intraday low"
AMZN,2026-03-06 09:30:00-05:00,2026-03-06 09:45:00-05:00,2026-03-09 09:30:00-04:00,SHORT,65,216.12,217.79,212.79,211.12,1.667,59,1.1114,True,target_2,246.72,2.467,"below 20-bar average, negative short-term momentum, strong relative volume"
GOOGL,2026-03-06 09:30:00-05:00,2026-03-06 09:45:00-05:00,2026-03-06 10:00:00-05:00,SHORT,65,297.2,299.29,293.01,290.92,2.0925,47,1.395,False,stop,-98.35,-0.983,"below 20-bar average, negative short-term momentum, strong relative volume"
AMZN,2026-03-06 12:30:00-05:00,2026-03-06 12:45:00-05:00,2026-03-09 09:45:00-04:00,SHORT,65,214.47,216.59,210.23,208.1,2.1225,47,1.415,True,target_2,250.45,2.505,"below 20-bar average, negative short-term momentum, near recent intraday low"
AMZN,2026-03-06 13:15:00-05:00,2026-03-06 13:30:00-05:00,2026-03-09 09:30:00-04:00,SHORT,65,214.76,216.44,211.41,209.73,1.6757,59,1.1171,True,target_2,248.0,2.48,"below 20-bar average, negative short-term momentum, near recent intraday low"
NVDA,2026-03-06 15:00:00-05:00,2026-03-06 15:15:00-05:00,2026-03-09 10:30:00-04:00,SHORT,85,178.82,179.97,176.52,175.37,1.1495,86,0.7663,True,stop_after_t1,98.86,0.989,"below 20-bar average, negative short-term momentum, strong relative volume, near recent intraday low"
AVGO,2026-03-06 15:00:00-05:00,2026-03-06 15:15:00-05:00,2026-03-09 09:45:00-04:00,SHORT,85,332.22,336.03,324.59,320.78,3.8128,26,2.5419,True,stop_after_t1,99.13,0.991,"below 20-bar average, negative short-term momentum, strong relative volume, near recent intraday low"
GOOGL,2026-03-06 15:00:00-05:00,2026-03-06 15:15:00-05:00,2026-03-09 09:30:00-04:00,SHORT,65,299.23,300.57,296.55,295.21,1.3409,74,0.8939,True,target_2,248.06,2.481,"below 20-bar average, strong relative volume, near recent intraday low"
META,2026-03-06 15:15:00-05:00,2026-03-06 15:30:00-05:00,2026-03-09 09:30:00-04:00,SHORT,65,643.34,646.62,636.78,633.5,3.2805,30,2.187,True,target_2,246.04,2.46,"below 20-bar average, negative short-term momentum, near recent intraday low"
AAPL,2026-03-06 15:15:00-05:00,2026-03-06 15:30:00-05:00,2026-03-09 10:15:00-04:00,SHORT,65,256.92,258.2,254.36,253.08,1.2812,78,0.8541,True,stop_after_t1,99.93,0.999,"below 20-bar average, negative short-term momentum, near recent intraday low"
AMZN,2026-03-06 15:30:00-05:00,2026-03-06 15:45:00-05:00,2026-03-09 09:30:00-04:00,SHORT,65,213.73,215.07,211.05,209.72,1.3377,74,0.8918,True,target_2,247.48,2.475,"below 20-bar average, strong relative volume, near recent intraday low"
GOOGL,2026-03-06 15:30:00-05:00,2026-03-06 15:45:00-05:00,2026-03-09 09:30:00-04:00,SHORT,65,298.44,299.82,295.68,294.3,1.3784,72,0.9189,True,target_2,248.11,2.481,"below 20-bar average, strong relative volume, near recent intraday low"
META,2026-03-09 09:30:00-04:00,2026-03-09 09:45:00-04:00,2026-03-09 10:45:00-04:00,SHORT,85,629.94,634.99,619.84,614.79,5.0487,19,3.3658,False,stop,-95.93,-0.959,"below 20-bar average, negative short-term momentum, strong relative volume, near recent intraday low"
NVDA,2026-03-09 09:30:00-04:00,2026-03-09 09:45:00-04:00,2026-03-09 10:00:00-04:00,SHORT,85,176.12,177.68,173.02,171.47,1.5502,64,1.0335,False,stop,-99.21,-0.992,"below 20-bar average, negative short-term momentum, strong relative volume, near recent intraday low"
AAPL,2026-03-09 09:30:00-04:00,2026-03-09 09:45:00-04:00,2026-03-09 10:15:00-04:00,SHORT,65,254.95,256.62,251.61,249.94,1.6685,59,1.1123,False,stop,-98.44,-0.984,"below 20-bar average, negative short-term momentum, strong relative volume"
AMZN,2026-03-09 09:30:00-04:00,2026-03-09 09:45:00-04:00,2026-03-09 15:15:00-04:00,SHORT,85,209.21,210.95,205.71,203.96,1.7494,57,1.1662,False,stop,-99.71,-0.997,"below 20-bar average, negative short-term momentum, strong relative volume, near recent intraday low"
GOOGL,2026-03-09 09:30:00-04:00,2026-03-09 09:45:00-04:00,2026-03-09 10:15:00-04:00,SHORT,65,295.64,297.39,292.13,290.38,1.7513,57,1.1675,False,stop,-99.82,-0.998,"below 20-bar average, negative short-term momentum, strong relative volume"
META,2026-03-09 10:00:00-04:00,2026-03-09 10:15:00-04:00,2026-03-09 10:30:00-04:00,SHORT,65,628.89,634.44,617.79,612.24,5.5512,18,3.7008,False,stop,-99.92,-0.999,"below 20-bar average, strong relative volume, near recent intraday low"
AVGO,2026-03-10 14:00:00-04:00,2026-03-10 14:15:00-04:00,2026-03-11 10:00:00-04:00,SHORT,65,342.89,345.65,337.37,334.6,2.7624,36,1.8416,False,stop,-99.45,-0.994,"below 20-bar average, negative short-term momentum, near recent intraday low"
AVGO,2026-03-10 14:30:00-04:00,2026-03-10 14:45:00-04:00,2026-03-11 10:00:00-04:00,SHORT,65,342.44,345.06,337.21,334.59,2.6167,38,1.7445,False,stop,-99.43,-0.994,"below 20-bar average, negative short-term momentum, near recent intraday low"
META,2026-03-10 15:15:00-04:00,2026-03-10 15:30:00-04:00,2026-03-11 09:30:00-04:00,SHORT,65,653.02,656.52,646.02,642.52,3.5014,28,2.3342,False,stop,-98.04,-0.98,"below 20-bar average, negative short-term momentum, near recent intraday low"
AAPL,2026-03-10 15:15:00-04:00,2026-03-10 15:30:00-04:00,2026-03-11 09:30:00-04:00,SHORT,65,260.47,261.74,257.92,256.65,1.2743,78,0.8495,False,stop,-99.39,-0.994,"below 20-bar average, negative short-term momentum, near recent intraday low"
NVDA,2026-03-10 15:30:00-04:00,2026-03-10 15:45:00-04:00,2026-03-11 09:30:00-04:00,SHORT,65,183.8,184.93,181.54,180.41,1.1284,88,0.7523,False,stop,-99.3,-0.993,"below 20-bar average, negative short-term momentum, near recent intraday low"
GOOGL,2026-03-10 15:30:00-04:00,2026-03-10 15:45:00-04:00,2026-03-11 09:45:00-04:00,SHORT,65,306.93,308.29,304.21,302.85,1.3615,73,0.9077,False,stop,-99.39,-0.994,"below 20-bar average, strong relative volume, near recent intraday low"
META,2026-03-10 15:45:00-04:00,2026-03-11 09:30:00-04:00,2026-03-12 09:45:00-04:00,SHORT,65,656.33,659.78,649.42,645.97,3.4529,28,2.3019,True,target_2,241.7,2.417,"below 20-bar average, strong relative volume, near recent intraday low"
AAPL,2026-03-10 15:45:00-04:00,2026-03-11 09:30:00-04:00,2026-03-12 09:30:00-04:00,SHORT,65,261.21,262.5,258.62,257.33,1.2935,77,0.8624,True,target_2,249.65,2.497,"below 20-bar average, strong relative volume, near recent intraday low"
AMZN,2026-03-10 15:45:00-04:00,2026-03-11 09:30:00-04:00,2026-03-11 11:00:00-04:00,SHORT,65,215.88,217.11,213.44,212.22,1.222,81,0.8147,True,target_2,248.07,2.481,"below 20-bar average, strong relative volume, near recent intraday low"
GOOGL,2026-03-11 09:30:00-04:00,2026-03-11 09:45:00-04:00,2026-03-11 09:45:00-04:00,SHORT,65,306.74,308.24,303.73,302.23,1.5043,66,1.0029,False,stop,-99.28,-0.993,"below 20-bar average, strong relative volume, near recent intraday low"
META,2026-03-11 10:15:00-04:00,2026-03-11 10:30:00-04:00,2026-03-12 12:00:00-04:00,SHORT,65,652.82,657.53,643.4,638.69,4.7093,21,3.1395,True,target_2,249.59,2.496,"below 20-bar average, negative short-term momentum, near recent intraday low"
AAPL,2026-03-11 10:15:00-04:00,2026-03-11 10:30:00-04:00,2026-03-12 10:15:00-04:00,SHORT,65,260.0,261.61,256.78,255.17,1.6096,62,1.073,True,target_2,249.48,2.495,"below 20-bar average, negative short-term momentum, near recent intraday low"
AMZN,2026-03-11 10:15:00-04:00,2026-03-11 10:30:00-04:00,2026-03-13 09:30:00-04:00,SHORT,65,213.64,215.54,209.84,207.94,1.8996,52,1.2664,True,target_2,246.95,2.469,"below 20-bar average, negative short-term momentum, near recent intraday low"
AVGO,2026-03-11 10:30:00-04:00,2026-03-11 10:45:00-04:00,2026-03-13 10:45:00-04:00,SHORT,65,341.79,345.29,334.8,331.3,3.4971,28,2.3314,True,target_2,244.8,2.448,"below 20-bar average, negative short-term momentum, near recent intraday low"
AMZN,2026-03-11 11:00:00-04:00,2026-03-11 11:15:00-04:00,2026-03-13 12:45:00-04:00,SHORT,65,212.62,214.58,208.7,206.75,1.958,51,1.3053,True,target_2,250.63,2.506,"below 20-bar average, negative short-term momentum, near recent intraday low"
AVGO,2026-03-11 11:15:00-04:00,2026-03-11 11:30:00-04:00,2026-03-13 10:45:00-04:00,SHORT,65,341.39,344.81,334.55,331.13,3.4197,29,2.2798,True,target_2,249.64,2.496,"below 20-bar average, negative short-term momentum, near recent intraday low"
AVGO,2026-03-11 12:00:00-04:00,2026-03-11 12:15:00-04:00,2026-03-12 13:00:00-04:00,SHORT,65,339.76,343.17,332.94,329.53,3.4095,29,2.273,True,stop_after_t1,95.47,0.955,"below 20-bar average, negative short-term momentum, near recent intraday low"
AAPL,2026-03-11 13:30:00-04:00,2026-03-11 13:45:00-04:00,2026-03-12 09:30:00-04:00,SHORT,65,260.2,261.32,257.96,256.84,1.1215,89,0.7477,True,target_2,250.1,2.501,"below 20-bar average, negative short-term momentum, near recent intraday low"
AVGO,2026-03-11 13:30:00-04:00,2026-03-11 13:45:00-04:00,2026-03-12 13:00:00-04:00,SHORT,65,339.69,342.61,333.84,330.92,2.9239,34,1.9493,True,stop_after_t1,99.41,0.994,"below 20-bar average, negative short-term momentum, near recent intraday low"
AVGO,2026-03-11 14:00:00-04:00,2026-03-11 14:15:00-04:00,2026-03-11 15:45:00-04:00,SHORT,65,339.18,341.84,333.86,331.2,2.6614,37,1.7743,False,stop,-98.47,-0.985,"below 20-bar average, negative short-term momentum, near recent intraday low"
META,2026-03-12 09:30:00-04:00,2026-03-12 09:45:00-04:00,2026-03-12 12:00:00-04:00,SHORT,85,649.21,652.61,642.41,639.01,3.3985,29,2.2657,True,target_2,248.09,2.481,"below 20-bar average, negative short-term momentum, strong relative volume, near recent intraday low"
NVDA,2026-03-12 09:30:00-04:00,2026-03-12 09:45:00-04:00,2026-03-12 12:00:00-04:00,SHORT,85,183.64,184.64,181.64,180.65,0.9976,100,0.665,False,stop,-99.76,-0.998,"below 20-bar average, negative short-term momentum, strong relative volume, near recent intraday low"
AAPL,2026-03-12 09:30:00-04:00,2026-03-12 09:45:00-04:00,2026-03-13 11:30:00-04:00,SHORT,85,256.96,258.25,254.37,253.08,1.2941,77,0.8627,True,target_2,249.75,2.498,"below 20-bar average, negative short-term momentum, strong relative volume, near recent intraday low"
AMZN,2026-03-12 09:30:00-04:00,2026-03-12 09:45:00-04:00,2026-03-13 11:45:00-04:00,SHORT,65,211.19,212.51,208.56,207.24,1.3167,75,0.8778,True,target_2,247.54,2.475,"below 20-bar average, negative short-term momentum, strong relative volume"
AVGO,2026-03-12 09:30:00-04:00,2026-03-12 09:45:00-04:00,2026-03-12 13:00:00-04:00,SHORT,85,336.27,338.95,330.91,328.23,2.6791,37,1.7861,False,stop,-99.13,-0.991,"below 20-bar average, negative short-term momentum, strong relative volume, near recent intraday low"
GOOGL,2026-03-12 09:30:00-04:00,2026-03-12 09:45:00-04:00,2026-03-12 11:00:00-04:00,SHORT,85,306.02,307.57,302.9,301.35,1.5559,64,1.0373,True,target_2,248.94,2.489,"below 20-bar average, negative short-term momentum, strong relative volume, near recent intraday low"
AAPL,2026-03-12 10:00:00-04:00,2026-03-12 10:15:00-04:00,2026-03-13 12:45:00-04:00,SHORT,65,256.0,257.51,252.98,251.47,1.5116,66,1.0077,True,target_2,249.41,2.494,"below 20-bar average, strong relative volume, near recent intraday low"
META,2026-03-12 10:15:00-04:00,2026-03-12 10:30:00-04:00,2026-03-13 09:30:00-04:00,SHORT,65,644.75,648.89,636.48,632.34,4.1365,24,2.7577,True,target_2,248.19,2.482,"below 20-bar average, negative short-term momentum, near recent intraday low"
NVDA,2026-03-12 10:15:00-04:00,2026-03-12 10:30:00-04:00,2026-03-12 11:30:00-04:00,SHORT,65,182.09,183.37,179.52,178.24,1.281,78,0.854,False,stop,-99.91,-0.999,"below 20-bar average, negative short-term momentum, near recent intraday low"
AMZN,2026-03-12 10:15:00-04:00,2026-03-12 10:30:00-04:00,2026-03-13 15:45:00-04:00,SHORT,65,210.25,211.89,206.98,205.34,1.6355,61,1.0904,True,end_of_data,176.87,1.769,"below 20-bar average, negative short-term momentum, strong relative volume"
GOOGL,2026-03-12 10:15:00-04:00,2026-03-12 10:30:00-04:00,2026-03-12 14:00:00-04:00,SHORT,85,302.85,304.73,299.09,297.21,1.8795,53,1.253,False,stop,-99.61,-0.996,"below 20-bar average, negative short-term momentum, strong relative volume, near recent intraday low"
AVGO,2026-03-12 10:30:00-04:00,2026-03-12 10:45:00-04:00,2026-03-12 11:30:00-04:00,SHORT,65,333.41,336.51,327.22,324.12,3.0975,32,2.065,False,stop,-99.12,-0.991,"below 20-bar average, negative short-term momentum, near recent intraday low"
AMZN,2026-03-12 10:45:00-04:00,2026-03-12 11:00:00-04:00,2026-03-13 15:45:00-04:00,SHORT,65,209.68,211.35,206.33,204.66,1.6736,59,1.1157,True,end_of_data,156.17,1.562,"below 20-bar average, negative short-term momentum, near recent intraday low"
META,2026-03-12 11:00:00-04:00,2026-03-12 11:15:00-04:00,2026-03-13 09:30:00-04:00,SHORT,65,641.46,645.8,632.77,628.43,4.3449,23,2.8966,True,target_2,252.01,2.52,"below 20-bar average, negative short-term momentum, near recent intraday low"
META,2026-03-12 15:30:00-04:00,2026-03-12 15:45:00-04:00,2026-03-13 09:30:00-04:00,SHORT,65,638.42,641.41,632.45,629.46,2.9851,33,1.9901,True,target_2,247.77,2.478,"below 20-bar average, strong relative volume, near recent intraday low"
AAPL,2026-03-12 15:30:00-04:00,2026-03-12 15:45:00-04:00,2026-03-13 09:45:00-04:00,SHORT,65,255.33,256.27,253.44,252.5,0.9428,106,0.6285,False,stop,-99.93,-0.999,"below 20-bar average, negative short-term momentum, near recent intraday low"
AVGO,2026-03-12 15:30:00-04:00,2026-03-12 15:45:00-04:00,2026-03-13 09:30:00-04:00,SHORT,65,335.41,337.91,330.4,327.9,2.5033,39,1.6689,False,stop,-97.63,-0.976,"below 20-bar average, negative short-term momentum, strong relative volume"
NVDA,2026-03-13 10:30:00-04:00,2026-03-13 10:45:00-04:00,2026-03-13 15:45:00-04:00,SHORT,65,182.9,184.35,180.01,178.56,1.4468,69,0.9646,True,end_of_data,190.61,1.906,"below 20-bar average, negative short-term momentum, near recent intraday low"
AAPL,2026-03-13 10:30:00-04:00,2026-03-13 10:45:00-04:00,2026-03-13 15:00:00-04:00,SHORT,65,254.33,255.57,251.85,250.61,1.2385,80,0.8257,True,target_2,247.7,2.477,"below 20-bar average, negative short-term momentum, near recent intraday low"
AVGO,2026-03-13 10:30:00-04:00,2026-03-13 10:45:00-04:00,2026-03-13 15:30:00-04:00,SHORT,65,331.67,335.01,324.99,321.65,3.3406,29,2.2271,True,target_2,243.87,2.439,"below 20-bar average, negative short-term momentum, near recent intraday low"
META,2026-03-13 10:45:00-04:00,2026-03-13 11:00:00-04:00,2026-03-13 15:45:00-04:00,SHORT,65,619.59,625.02,608.73,603.3,5.4295,18,3.6197,False,end_of_data,107.28,1.073,"below 20-bar average, negative short-term momentum, near recent intraday low"
AMZN,2026-03-13 10:45:00-04:00,2026-03-13 11:00:00-04:00,2026-03-13 15:45:00-04:00,SHORT,65,208.52,209.93,205.7,204.29,1.4094,70,0.9396,False,end_of_data,56.7,0.567,"below 20-bar average, negative short-term momentum, near recent intraday low"
META,2026-03-13 11:15:00-04:00,2026-03-13 11:30:00-04:00,2026-03-13 15:45:00-04:00,SHORT,65,618.41,624.2,606.82,601.03,5.7927,17,3.8618,False,end_of_data,81.26,0.813,"below 20-bar average, negative short-term momentum, near recent intraday low"
NVDA,2026-03-13 11:15:00-04:00,2026-03-13 11:30:00-04:00,2026-03-13 15:45:00-04:00,SHORT,65,181.89,183.49,178.7,177.1,1.5956,62,1.0637,False,end_of_data,100.75,1.008,"below 20-bar average, negative short-term momentum, near recent intraday low"
AAPL,2026-03-13 11:15:00-04:00,2026-03-13 11:30:00-04:00,2026-03-13 15:45:00-04:00,SHORT,65,253.33,254.71,250.58,249.2,1.3762,72,0.9175,True,end_of_data,214.83,2.148,"below 20-bar average, negative short-term momentum, near recent intraday low"
AMZN,2026-03-13 11:15:00-04:00,2026-03-13 11:30:00-04:00,2026-03-13 15:45:00-04:00,SHORT,65,208.03,209.53,205.03,203.53,1.4986,66,0.999,False,end_of_data,21.12,0.211,"below 20-bar average, negative short-term momentum, near recent intraday low"
AVGO,2026-03-13 11:15:00-04:00,2026-03-13 11:30:00-04:00,2026-03-13 15:45:00-04:00,SHORT,65,326.34,330.38,318.27,314.23,4.0364,24,2.691,False,end_of_data,100.08,1.001,"below 20-bar average, negative short-term momentum, near recent intraday low"
GOOGL,2026-03-13 11:15:00-04:00,2026-03-13 11:30:00-04:00,2026-03-13 15:45:00-04:00,SHORT,65,304.21,306.22,300.18,298.17,2.0127,49,1.3418,False,end_of_data,97.51,0.975,"below 20-bar average, negative short-term momentum, near recent intraday low"
META,2026-03-13 12:30:00-04:00,2026-03-13 12:45:00-04:00,2026-03-13 15:45:00-04:00,SHORT,65,614.83,621.47,601.55,594.92,6.6377,15,4.4252,False,end_of_data,18.0,0.18,"below 20-bar average, negative short-term momentum, near recent intraday low"
AAPL,2026-03-13 12:30:00-04:00,2026-03-13 12:45:00-04:00,2026-03-13 15:45:00-04:00,SHORT,65,251.71,253.27,248.58,247.02,1.5646,63,1.0431,False,end_of_data,100.49,1.005,"below 20-bar average, negative short-term momentum, near recent intraday low"
GOOGL,2026-03-13 12:30:00-04:00,2026-03-13 12:45:00-04:00,2026-03-13 15:45:00-04:00,SHORT,65,301.61,303.89,297.06,294.78,2.2773,43,1.5182,False,end_of_data,-26.23,-0.262,"below 20-bar average, negative short-term momentum, near recent intraday low"
AVGO,2026-03-13 12:45:00-04:00,2026-03-13 13:00:00-04:00,2026-03-13 15:45:00-04:00,SHORT,65,323.7,328.14,314.83,310.39,4.4356,22,2.9571,False,end_of_data,33.69,0.337,"below 20-bar average, negative short-term momentum, near recent intraday low"
META,2026-03-13 13:30:00-04:00,2026-03-13 13:45:00-04:00,2026-03-13 15:45:00-04:00,SHORT,65,613.58,618.14,604.47,599.91,4.556,21,3.0373,False,end_of_data,-1.05,-0.01,"below 20-bar average, negative short-term momentum, near recent intraday low"
AVGO,2026-03-13 13:30:00-04:00,2026-03-13 13:45:00-04:00,2026-03-13 15:45:00-04:00,SHORT,65,323.57,327.25,316.22,312.54,3.6763,27,2.4508,False,end_of_data,37.8,0.378,"below 20-bar average, negative short-term momentum, near recent intraday low"
GOOGL,2026-03-13 13:30:00-04:00,2026-03-13 13:45:00-04:00,2026-03-13 15:45:00-04:00,SHORT,65,300.85,302.9,296.74,294.69,2.0536,48,1.3691,False,end_of_data,-65.96,-0.66,"below 20-bar average, negative short-term momentum, near recent intraday low"
NVDA,2026-03-13 13:45:00-04:00,2026-03-13 14:00:00-04:00,2026-03-13 15:45:00-04:00,SHORT,65,180.51,181.79,177.96,176.69,1.2753,78,0.8502,False,end_of_data,19.5,0.195,"below 20-bar average, negative short-term momentum, near recent intraday low"
AVGO,2026-03-13 15:15:00-04:00,2026-03-13 15:30:00-04:00,2026-03-13 15:45:00-04:00,SHORT,65,322.35,324.9,317.25,314.7,2.5497,39,1.6998,False,end_of_data,7.02,0.07,"below 20-bar average, negative short-term momentum, near recent intraday low"
